Date,USD,Euro,GBP,JPY,CNY,ARS,MSCI,Natural_Gas,Brent_Oil,Crude_Oil,Heating_Oil,Silver,Gold,GSCI_Precious_Metal,CAC40,DAX,Dow_Jones,FTSE_100,FTSE_MIB,Nikkei_225,Merval,SHCOMP,BTC,ETH,BNB,USDC,USDT,XRP
12/2/22,1,0,0,0,0,,-0.29,-8.44,-1.53,-1.27,-4.08,-1.53,-1.27,-0.1,-0.17,0.27,0.1,-0.03,-0.26,-1.59,-0.53,-0.29,0.446173342,1.024593372,-0.273300583,0,0,-0.551881943
12/5/22,1,0.25728988,1.010765059,1.230632367,-0.826328537,0.156935208,-1.34,-11.1,-3.38,-4.62,-5.09,-3.38,-4.62,-1.77,-0.67,-0.56,-1.4,0.15,-0.3,0.15,-3.08,1.76,-0.576803464,-2.448340784,-1.271589967,-0.013997761,-0.00399976,-1.344536963
12/6/22,1,-0.028579594,-0.270447468,0.087879897,0.466886942,0.737726706,-1.27,-1.93,-3.62,-3.79,-2.8,-3.62,-3.79,0.02,-0.14,-0.72,-1.03,-0.61,-1.15,0.24,2.2,0.02,0.175874504,-0.494809661,0.238718139,0.00599988,-0.00399992,-0.181338101
12/7/22,1,-0.076154212,0.065606036,-0.073168947,-0.333166512,0.204589549,-0.29,4.44,-2.61,-2.54,-4.17,-2.61,-2.54,1.05,-0.41,-0.57,0,-0.43,-0.1,-0.72,1.84,-0.4,-0.772960521,-1.791928738,-1.659432179,-0.00799936,0.00200004,-1.51612621
12/8/22,1,-0.445413192,-0.335104209,-0.087867028,-0.07603799,0.183348672,0.6,3.61,-1.29,-0.72,2.84,-1.29,-0.72,0.32,-0.2,0.02,0.55,-0.23,-0.14,-0.4,,-0.07,2.145168473,4.389665066,1.978176698,-0.003,0.007,2.897081493
12/9/22,1,0.018957346,-0.617334091,-0.036643459,-0.129219371,-0.001590556,-0.28,4.5,0.01,-0.78,-2.36,0.01,-0.78,0.66,0.46,0.74,-0.9,0.06,0.29,1.18,,0.3,-0.409793185,-1.591404547,-1.280891896,-0.00400012,-0.00399972,-1.182272014
12/12/22,1,0.047415837,0.211640212,0.784457478,0.307652496,0.280248353,0.78,5.49,2.27,2.14,5.82,2.27,2.14,-1.05,-0.41,-0.45,1.58,-0.41,0.11,-0.21,-2.75,-0.87,0.154085903,0.683565937,-3.246051698,0.01600112,0.00599982,-0.590242623
12/13/22,1,-0.799623706,-0.727272727,-1.694915254,-0.49159417,0.591943524,1.19,4.94,3.22,2.38,4.07,3.22,2.38,1.92,1.42,1.34,0.3,0.76,1.37,0.4,-0.58,-0.09,3.5682442,3.685368537,-1.839371217,0.146986771,-0.03299703,1.871453866
12/14/22,1,-0.234631628,-0.265957447,-0.140594939,0.097940372,0.291325894,-0.37,-7.62,2.34,2.77,5.57,2.34,2.77,-0.27,-0.21,-0.26,-0.42,-0.09,-0.26,0.72,-0.78,0.01,0.369682647,-0.577491474,-1.404826329,-0.128799073,0.031007442,-2.100455462
12/15/22,1,0.159804475,1.654923808,2.200815117,0.313678091,0.157764363,-2.53,5.93,-1.73,-1.32,-0.47,-1.73,-1.32,-1.88,-3.09,-3.28,-2.25,-0.93,-3.45,-0.37,0.31,-0.25,-2.766051677,-3.684788243,-3.94594857,-0.016995411,0.01299909,-2.190619112
12/16/22,1,0.263901979,0.312294543,-0.993329466,-0.011475128,0.157737534,-1.17,-4.34,-2.25,-2.36,-4.36,-2.25,-2.36,0.63,-1.08,-0.67,-0.85,-1.27,-0.16,-1.87,0.23,-0.02,-3.570625508,-6.703388892,-10.46759779,0,-0.009998,-6.688307387
12/19/22,1,-0.131777108,-0.098522167,0.234346393,0.091811557,0.20289587,-0.77,-9.41,0.82,1.93,-1.84,0.82,1.93,-0.18,0.32,0.36,-0.49,0.4,-0.02,-1.05,2.34,-1.92,-1.845739911,-1.37083913,4.28745718,-0.0319968,-0.0109989,-3.901344655
12/20/22,1,-0.103432064,0.279927548,-4.230291517,-0.246517228,0.538970335,0.27,-8.65,0.49,0.45,0.37,0.49,0.45,1.85,-0.35,-0.42,0.28,0.13,0.15,-2.46,1.99,-1.07,2.761889098,4.547252898,4.459654119,0.016003521,0.00500005,4.23082947
12/21/22,1,0.339654684,0.612988734,0.976502899,0.301724138,0.179144907,1.31,0.42,2.55,2.64,2.63,2.55,2.64,-0.03,2.01,1.54,1.6,1.72,1.66,-0.68,4.36,-0.17,-0.618268256,-0.46234215,-1.752819736,0.02100126,0.00099996,-1.927057049
12/22/22,1,0.103891198,0.332446809,-0.015110305,0.027216731,0.202048336,-1.21,-5.92,-1.1,0.27,-0.43,-1.1,0.27,-1.72,-0.95,-1.3,-1.05,-0.37,-1.24,0.46,1.45,-0.46,0.176554094,0.486805022,-0.386999416,-0.031995201,-0.0219989,0.787472139
12/23/22,1,-0.310705207,-0.182512029,0.332476953,0.073035558,0.162904613,0.38,1.06,3.47,1.13,3.86,3.47,1.13,0.57,-0.2,0.19,0.53,0.05,0.27,-1.03,2.92,-0.28,-0.023816612,0.204800053,0.169817314,0.00700119,0.00700119,1.469706661
12/26/22,1,,,,,0.1165883,0.01,3.29,,2.05,2.95,0,0,,,,,,,0.65,2.5,0.65,0.263831815,0.002462428,-1.392011384,0.020002,-0.010001,3.522677484
12/27/22,1,-0.30974282,0.182845745,0.489531556,-0.400686892,-0.409587718,-0.17,2.68,0.21,-1.48,1.33,0.21,-1.48,1.07,0.7,0.39,0.11,0,-0.09,0.16,1.59,0.98,-0.898112894,-0.625441174,1.464846568,-0.0089991,-0.019003801,1.181780699
12/28/22,1,0.301261533,-0.016619578,0.629543581,0.25,1.166316032,-0.99,-10.85,-1.68,-1.47,0.72,-1.68,-1.47,-0.52,-0.61,-0.5,-1.1,0.32,-0.36,-0.41,3.59,-0.26,-1.048303475,-2.117748117,-1.111725124,-0.00499995,-0.015005852,-3.737097057
12/29/22,1,-0.4311961,-0.215588723,-0.826692485,-0.213546593,0.0380974,1.43,-3.19,-1.2,0.01,-1.92,-1.2,0.01,0.68,0.97,1.05,1.05,0.21,1.2,-0.94,-1.58,-0.44,0.625711724,1.02862254,0.913842411,0,0.008004322,-4.363244904
12/30/22,1,-0.280426248,-0.140763435,-1.013817963,-0.937881508,0.40468661,-0.36,-1.84,4.44,2.37,1.49,4.44,2.37,-0.08,-1.52,-1.05,-0.22,-0.81,-1.45,0,1.37,0.51,-0.224529722,0.028397939,-0.250415323,-0.00600024,-0.004001841,0.787059972
1/2/23,1,,,,,-0.070457457,0.18,-7.42,,0,1.52,0,0,0,1.87,1.05,,,1.9,,2.46,,0.710097012,1.427008793,0.438408504,0.0280028,0.017008504,1.325371989
1/3/23,1,1.316412539,0.89390142,-0.743494424,0.236327785,0.805815984,-0.24,-3.74,-4.43,-4.16,-6.79,-4.43,-4.16,1.06,0.44,0.8,-0.03,1.37,1.15,0,-4.2,0.88,-0.132990673,-0.203342389,-0.112578287,-0.026995141,-0.005001651,-1.268424301
1/4/23,1,-0.574387947,-0.770952499,0.8942903,-0.376075794,0.127715942,0.9,4.61,-5.19,-5.21,-3.71,-5.19,-5.21,0.51,2.3,2.18,0.4,0.41,1.74,-1.45,1.36,0.22,0.904581091,3.357448669,4.854459788,0.01600144,0.005001901,0.761703192
1/5/23,1,0.931381867,1.35271383,1.189393939,-0.108892922,0.11679177,-1.13,-10.83,1.09,1.12,0.01,1.09,1.12,-1.12,-0.22,-0.38,-1.02,0.64,-0.11,0.4,4.27,1.01,0.066581458,-0.209109847,-0.347296327,-0.01199916,-0.00200066,-2.136554852
1/6/23,1,-0.913457011,-1.342838196,-1.018192708,-0.625,0.179763752,2.12,-0.27,-0.15,0.16,1.08,-0.15,0.16,1.66,1.47,1.2,2.13,0.87,1.4,0.59,1.98,0.08,0.714680354,1.51802353,1.133133445,0.0140007,0.00300105,1.97888443
1/9/23,1,-1.301236174,-1.163362281,-0.476514636,-0.979961972,0.093059734,0.51,5.39,1.37,1.19,1.05,1.37,1.19,0.5,0.68,1.25,-0.34,0.33,0.81,0.78,0.9,0.58,1.48233351,4.068416202,5.22755275,1.42E-10,0.031009924,1.157583414
1/10/23,1,0.204898948,0.41958042,0.509195926,0.103397341,0.570015687,0.3,-6.93,0.56,0.6,3.28,0.56,0.6,0.01,-0.55,-0.12,0.56,-0.39,-0.08,,0.04,-0.21,1.332806333,1.143891046,1.296025935,0.00499955,0.01500015,0.386399426
1/11/23,1,-0.027932961,0.24742268,0.24952741,-0.103290542,0.151730093,1.11,0.88,3.21,3.06,2.62,3.21,3.06,0.2,0.8,1.17,0.8,0.4,0.72,1.03,4.09,-0.24,0.696356461,0.98574893,1.241154606,-0.02299678,-0.02299678,5.841440118
1/12/23,1,-0.766885337,-0.467903464,-2.134560266,-0.494830133,0.16218507,0.72,0.65,1.65,1.25,0.03,1.65,1.25,1.33,0.74,0.74,0.64,0.89,0.73,0.01,4.24,0.05,7.757334093,5.455785237,2.408705735,-0.00200018,0.01800162,1.013269064
1/13/23,1,0.110998058,-0.098409054,-1.464354528,-0.526979886,0.170292682,0.57,-7.47,1.49,1.86,1.15,1.49,1.86,1.39,0.69,0.19,0.33,0.64,0.19,-1.25,3.42,1.01,4.938996025,2.16963495,2.09040296,0,0,2.183823569
1/16/23,1,,,,,0.207912873,0.01,2.05,-0.96,-0.93,-0.17,-0.96,-0.93,,0.28,0.31,,0.2,0.46,-1.14,3.47,1.01,6.736150642,8.690986386,2.27966119,-0.00700077,-0.00699937,0.905051663
1/17/23,1,0.166774761,-0.570776256,0.258114978,1.064020295,0.458835367,0.02,-2.42,1.73,1.78,-0.19,1.73,0,-0.67,0.48,0.35,-1.14,-0.12,0.31,1.23,4.07,-0.1,0.21615703,-0.361385543,0.341668168,-0.00100018,0.00799984,0.447046549
1/18/23,1,-0.31402974,-0.848896435,0.210641286,-0.279078009,0.169671315,-0.84,-7.67,-1.09,-0.81,0.37,-1.09,-0.81,-0.3,0.09,-0.03,-1.81,-0.26,0.27,2.5,-9.73,0,-2.007619819,-2.720539662,-3.439962757,0.00400076,-0.0149985,-1.840391424
1/19/23,1,0.157261795,0.024260068,0.023355391,0.302070068,0.170337158,-1.04,-1.09,1.39,1.02,3.46,1.39,1.02,0.88,-1.86,-1.72,-0.76,-1.07,-1.75,-1.44,-0.08,0.49,1.235594344,1.30395889,1.206329528,0.02100315,0.0020001,2.986790857
1/20/23,1,-0.193887914,-0.064651689,1.159713574,0.128436033,0.158102205,1.49,-3.08,1.71,1.28,2.69,1.71,1.28,0.23,0.63,0.76,1,0.3,0.7,0.56,5.32,0.76,7.263267331,6.495172289,3.187268619,-0.00899946,0.02100063,4.270265321
1/23/23,1,-0.312931431,0.032336297,0.553973994,0.109104313,0.124840251,1.08,1.51,0.64,-0.02,2.43,0.64,-0.02,-0.13,0.52,0.46,0.76,0.18,0.18,1.33,1.08,,1.487503817,-1.48344964,0.821420917,0.00800024,-0.00299946,4.070989868
1/24/23,1,-0.07357675,0.381400633,-0.474405081,0,0.572380445,0.04,-5.12,-2.34,-1.83,-3.48,-2.34,-1.83,0.39,0.26,-0.07,0.31,-0.35,0.24,1.46,0.7,,-0.759670315,-4.020961836,-1.157823815,-0.04299785,-0.01299805,-4.278776742
1/25/23,1,-0.256857169,-0.412154518,-0.33059122,0,0.136679523,0.03,-4.65,-0.01,0.02,-1.92,-0.01,0.02,0.41,-0.09,-0.08,0.03,-0.16,-0.03,0.35,3.16,,0.801518667,1.528545002,0.941741726,-0.056021288,0.0149997,1.288417465
1/26/23,1,0.322105651,0.032336297,0.586238815,0,0.189332993,0.76,-2.3,1.57,1.07,1.05,1.57,1.07,-0.56,0.74,0.34,0.61,0.21,1.32,-0.12,0.55,,0.290332706,0.993600857,-0.173085244,0.092086561,-0.00899847,-0.951724805
1/27/23,1,0.082895828,-0.072703773,-0.352760736,0,0.181880462,0.3,0.04,-0.93,-1.64,-3.86,-0.93,-1.64,-0.21,0.02,0.11,0.08,0.05,0.83,0.07,-2.75,,0.042597954,-0.521252755,0.91716909,0.0150003,0.02599792,0.152050238
1/30/23,1,-0.092021717,0.048492686,0.307834385,-0.586164745,0.148529164,-0.95,-4.14,-2.03,-2.23,-4.74,-2.03,-2.23,-0.25,-0.21,-0.16,-0.77,0.25,-0.38,0.19,-3.31,0.14,-1.235249136,-1.849946033,-0.389174696,-0.01599792,-0.026990824,-4.198305861
1/31/23,1,0.082888193,0.397598182,-0.130428111,0.057776922,0.539082213,0.93,0.37,-0.48,1.25,2.3,-0.48,1.25,0.33,0.01,0.01,1.09,-0.17,1,-0.39,3.12,-0.42,1.990207335,1.686614495,2.125630061,0.00200006,0.00199986,3.58890743
2/1/23,1,-0.540441513,0.12999675,-0.691403549,-0.198400948,0.225102047,0.9,-7.48,-1.95,-3.12,-7.27,-1.95,-3.12,-0.21,-0.07,0.35,0.02,-0.14,0.39,0.07,-0.98,0.9,2.290833646,2.988443595,1.436531597,0.00700007,-0.00299973,1.765065552
2/2/23,1,-0.009159187,0.391517129,-0.634331245,-0.207696644,0.137471955,1.35,-0.55,-0.81,-0.69,-1.84,-0.81,-0.69,-0.56,1.26,2.16,-0.11,0.76,1.49,0.2,-0.88,0.02,-0.646431764,1.097076295,3.010226445,-0.01799892,0.01399916,-0.854919467
2/3/23,1,0.859122402,1.548910793,2.039704165,0.694258615,0.175158868,-0.95,-1.67,-2.71,-3.28,-4.19,-2.71,-3.28,-3.02,0.94,-0.21,-0.38,1.04,-0.55,0.39,-3.81,-0.68,-0.58570125,0.699292253,1.212557207,0,-0.0119976,0.280129088
2/6/23,1,0.960641671,0.532933633,1.28938735,0.273131265,0.276990368,-0.96,2.22,1.31,0.98,-0.24,1.31,0.98,0.07,-1.34,-0.84,-0.1,-0.82,0.27,0.67,1.77,-0.76,-2.310927061,-2.075512432,-1.244003799,-0.00400048,-0.00399968,-3.765960493
2/7/23,1,0.158804297,-0.033297261,-1.047002109,-0.01177891,0.539892863,0.96,5.09,3.33,4.09,4.9,3.33,4.09,0.25,-0.07,-0.16,0.78,0.36,0.36,-0.03,1.31,0.29,1.520832787,1.990287398,1.840661781,0.023003681,0.00299988,1.642304472
2/8/23,1,-0.270169555,-0.661539734,-0.07612088,-0.029450744,0.210032178,-0.66,-7.02,1.67,1.72,-0.38,1.67,1.72,0.4,-0.18,0.6,-0.61,0.26,0.15,-0.29,1.35,-0.49,-1.287548105,-0.858036663,-1.502753193,-0.00899937,0.00099993,-1.264428278
2/9/23,1,-0.25090605,-0.526445669,-0.220918717,-0.159080866,0.159148564,-0.41,0.61,-0.69,-0.52,-2.69,-0.69,-0.52,-0.68,0.96,0.72,-0.73,0.33,1.26,-0.08,-0.75,1.18,-5.073895278,-6.849207214,-7.144165654,0.00200004,0.00199984,-5.376295447
2/10/23,1,0.852858482,0.795953901,0.397007177,0.47800301,0.196404837,-0.24,4.61,2.24,2.13,1.75,2.24,2.13,-0.21,-0.82,-1.39,0.5,-0.36,-0.86,0.31,0.67,-0.3,-0.890773443,-1.90500959,0.367938394,0.005,0.0049995,1.147028985
2/13/23,1,-0.447844747,-0.617996045,0.920152091,0.135083546,0.170474406,0.94,-4.14,0.25,0.53,1.43,0.25,0.53,-0.61,1.11,0.58,1.11,0.83,0.63,-0.88,3.09,0.72,0.362941915,-1.088318144,-4.48457965,-0.02099895,0.038994151,-2.509340776
2/14/23,1,-0.037306473,-0.172739985,0.256197724,0.083580164,0.594867981,0.09,6.12,-1.19,-1.35,1.18,-1.19,-1.35,0.1,0.07,-0.11,-0.46,0.08,0.22,0.64,0.33,0.28,2.518012193,4.211534982,1.563330669,0.00400064,-0.012992984,2.169404794
2/15/23,1,0.365065993,1.047294489,0.879368658,0.373599004,0.176885119,0.1,-3.66,-0.23,-0.59,-3.25,-0.23,-0.59,-1.11,1.21,0.82,0.11,0.55,0.13,-0.37,-1.35,-0.39,8.816427297,7.131650356,6.768316364,0,-0.022990574,5.462166045
2/16/23,1,-0.00935979,0.108171077,-0.201162271,0.116771274,0.200329408,-0.88,-2.74,-0.28,-0.13,-1.18,-0.28,-0.13,0.37,0.89,0.18,-1.26,0.18,1.16,0.71,0.89,-0.96,-0.58126537,-1.110384193,-2.704985181,0.036004321,0.015997121,-3.135404273
2/17/23,1,0.056190298,0.04995005,0.194102277,0.103513632,0.231062407,-0.39,-5.35,-2.51,-2.74,-3.51,-2.51,-2.74,-0.08,-0.25,-0.33,0.39,-0.1,-0.37,-0.66,-3.21,-0.77,2.777985991,3.122742915,1.926496643,-0.023994241,-0.023991843,1.988997038
2/20/23,1,,,,,-0.577036623,0.12,0.82,1.29,0.82,0.61,1.29,0.82,,-0.16,-0.03,,0.12,-0.56,0.07,,2.06,0.106965305,-0.360791976,0.057729539,-0.016,-0.0059994,0.474648315
2/21/23,1,0.19705358,-0.817438692,0.491766634,0.056800804,0.729113729,-1.54,-6.33,-1.21,-1.47,1.4,-1.21,0,-0.31,-0.37,-0.52,-2.06,-0.46,-0.68,-0.21,,0.49,-1.290306913,-2.345665156,-0.815716326,0.01300208,0.01299948,-1.447687829
2/22/23,1,0.320060247,0.389588859,-0.074145473,0.302765648,0.006321697,-0.35,-0.14,-3.13,-2.9,-3.23,-3.13,-2.9,-0.14,-0.13,0.01,-0.26,-0.59,-1.12,1.29,-3.21,-0.47,-1.180474404,-1.148681345,-0.113449011,-0.00400012,-0.01699711,0.878203834
2/23/23,1,0.37796466,0.399467377,0.022260147,0.242352122,0.956659679,0.24,6.44,1.86,1.95,-0.41,1.86,1.95,-0.88,0.25,0.49,0.33,-0.29,0.65,,1.34,-0.11,-0.941885264,0.802222481,-0.694980695,0,0.014,-1.481747905
2/24/23,1,0.36036036,0.569132909,1.15727003,0.680419834,0.178215451,-1.11,5.92,1.06,1.23,2.84,1.06,1.23,-0.69,-1.78,-1.72,-1.02,-0.37,-1.07,-0.11,0.13,-0.62,-3.157881509,-2.576912804,-2.443947641,-0.01400098,-0.0149979,-3.151529487
2/27/23,1,-0.481313703,-0.731139914,-0.13200352,-0.1366022,0.201665107,0.54,11.42,-0.45,-0.84,1.9,-0.45,-0.84,0.33,1.51,1.13,0.22,0.72,1.7,0.08,0.86,-0.28,1.551923253,1.638762018,1.169390595,0.01700357,0.00600006,0.777019134
2/28/23,1,-0.056593096,-0.47134706,-0.066089,-0.179985601,0.557852619,-0.26,0.59,1.75,1.81,0.04,1.75,1.81,0.71,-0.38,-0.11,-0.71,-0.74,0.12,0.26,-1.2,0.66,-1.348893669,-1.128637726,-0.612898778,0.00100004,0.0139993,-0.549229104
3/1/23,1,-0.674536256,0.490277547,-0.198398119,-0.965019834,0.178462922,-0.29,2.33,0.5,0.83,1.88,0.5,0.83,0.44,-0.46,-0.39,0.02,0.49,-0.59,-0.06,0.86,1,1.611273735,2.727002158,-0.235176762,0.00600018,-0.00599886,1.526203985
3/2/23,1,0.745634733,0.770390219,0.750993963,0.678746213,0.21157427,0.48,-1.64,0.52,0.6,-0.26,0.52,0.6,-0.32,0.69,0.15,1.05,0.37,0.3,1.56,-2.74,-0.05,-0.29785426,-0.467182539,-0.599922527,-0.00399988,-0.00399948,-1.300808766
3/3/23,1,-0.197814619,-0.45015005,-0.548085355,-0.107057087,0.147298866,1.41,8.82,1.27,1.94,1.64,1.27,1.94,0.84,0.88,1.64,1.17,0.04,1.56,1.11,1.28,0.54,-4.87749788,-4.969072165,-3.666225889,-0.00300003,-0.00299973,-0.789820097
3/6/23,1,-0.729380961,-0.431606906,-0.117569256,0.357722164,0.290331353,0.24,-14.52,0.41,0.98,-0.91,0.41,0.98,-0.04,0.34,0.48,0.12,-0.22,0.45,0.25,2.91,-0.19,0.501335102,0.142304698,-0.496853606,-0.00200008,-0.01199928,-1.115829971
3/7/23,1,1.144424477,1.610862781,0.71360259,0.447362725,0.473320819,-1.44,4.47,-3.35,-3.58,-3.09,-3.35,-3.58,-1.93,-0.46,-0.6,-1.72,-0.13,-0.67,0.48,-2.58,-1.11,-1.46083995,-1.024667206,-0.068454356,-0.00900054,0.00100006,2.703307126
3/8/23,1,0.227509717,0.16896173,0.204528853,-0.156597946,0.159864852,0.02,-5.06,-0.76,-1.19,-1.99,-0.76,-1.19,0.08,-0.2,0.46,-0.18,0.13,0.54,0.63,1.79,-0.06,-1.430471486,-0.514418527,-0.105359788,-0.00100015,-0.00100005,1.531071356
3/9/23,1,-0.264725347,-0.712967623,-0.561306313,0.192816853,0.148483502,-1.25,-0.31,-1.29,-1.23,-2.66,-1.29,-1.23,0.97,-0.12,0.01,-1.66,-0.63,-0.72,-1.67,-1.34,-0.22,-6.626920747,-7.301225715,-3.849166153,0.035005601,0.01600096,-3.359887547
3/10/23,1,-0.769302936,-1.00473304,-0.996994355,-0.868878357,0.182919937,-1.25,-4.44,1.46,1.27,3.9,1.46,1.27,1.92,-1.3,-1.31,-1.07,-1.67,-1.55,-1.11,-4.5,-1.4,-0.870505542,-0.223401285,0.635713639,-0.035293294,0.343965603,-0.507481203
3/13/23,1,-0.689462406,-0.962171053,-1.421695668,-0.825787758,-0.910584032,-0.52,7.24,-2.43,-2.45,-0.41,-2.43,-2.45,3.13,-2.9,-3.04,-0.28,-2.58,-4.03,-2.19,-4.73,1.2,20.48751947,18.03736356,11.67453891,-0.136922318,0.044841262,0.877706891
3/14/23,1,0.1025928,0.115264285,0.901374596,0.328683076,1.068811846,1.16,-1.27,-4.11,-4.64,-1.71,-4.11,-4.64,-0.22,1.86,1.83,1.06,1.17,2.36,0.03,-2.12,-0.72,2.077434648,1.291056853,-0.01932778,0.142718645,0.012948336,-0.046886822
3/15/23,1,1.775035596,0.947473404,-1.131541726,0.473209086,0.723184556,-1.34,-1.05,-5.38,-5.22,-7.66,-5.38,-5.22,0.92,-3.58,-3.27,-0.87,-3.83,-4.61,-0.8,-4.82,0.55,-1.367118207,-3.134418324,-1.124449857,0.008900952,0.007967175,-3.898762247
3/16/23,1,-0.819054792,-0.652299562,0.15059107,-0.057966814,0.232666223,1.5,3.14,1.38,1.09,1.17,1.38,1.09,-0.47,2.03,1.57,1.17,0.89,1.38,1.2,6.46,-1.12,2.366247154,1.304970366,8.09100507,-0.00280005,-0.173272257,1.48127399
3/17/23,1,-0.234807927,-0.247096615,-0.751823171,-0.137751033,0.189271485,-0.81,-6.85,-2.05,-2.36,0.45,-2.05,-2.36,2.69,-1.43,-1.33,-1.19,-1.01,-1.64,-1.42,-0.74,0.73,10.80626742,6.602417686,1.746082469,0.05260242,0.05286994,3.802311504
3/20/23,1,-0.699496363,-0.946397977,-0.318157715,-0.145201104,-0.49569043,0.83,-4.7,1.06,1.35,0.42,1.06,1.35,0.51,1.27,1.12,1.2,0.93,1.59,1.93,-0.31,-0.48,1.097653702,-1.880818116,0.006222111,-0.0543739,0.065803248,-0.573689781
3/21/23,1,-0.436437924,0.508405084,0.516756592,0.087247346,1.280127374,1.25,6.61,2.03,2.5,0.59,2.03,2.5,-1.97,1.42,1.75,0.98,1.79,2.53,-0.17,3.5,0.64,0.237749824,2.598209704,-0.313160132,0.034402202,-0.045832711,22.67485429
3/22/23,1,-0.21312083,-0.302485284,0.302411734,-0.040679936,0.22804108,-0.95,-7.16,1.8,2.26,1.3,1.8,2.26,0.53,0.26,0.14,-1.63,0.41,-0.12,1.93,-1.69,0.31,-2.969268955,-3.772221821,-4.157577199,-0.034790259,-0.044856906,-8.919147026
3/23/23,1,-0.899908173,-0.730400909,-1.266299842,-0.892415918,0.183865343,0.4,-1.04,-0.62,-1.33,3.01,-0.62,-1.33,2.35,0.11,-0.04,0.23,-0.89,-0.16,-0.17,-2.51,0.64,3.631845901,4.673161661,2.016242817,0.004400299,-0.065819654,5.776235742
3/24/23,1,1.189370006,0.793456033,-0.267195969,0.714201912,0.186343821,-0.16,3.42,-1.21,-1,0.39,-1.21,-1,-0.49,-1.74,-1.66,0.41,-1.26,-2.23,-0.13,,-0.64,-3.355683337,-3.714186404,-2.105275957,-0.008700209,-0.096798659,-5.233170373
3/27/23,1,-0.250254889,-0.431666395,0.650642988,0.2315253,-0.195089448,0.37,-11.56,4.17,5.13,2.79,4.17,5.13,-1.45,0.9,1.14,0.6,0.9,1.21,0.33,-2.51,-0.44,-0.530947546,-1.797512019,-4.133429796,0.008100899,-0.063929038,12.70896921
3/28/23,1,-0.507192918,-0.510493477,-0.395467336,-0.158351977,1.007990548,0.09,-2.78,0.68,0.54,-0.03,0.68,0.54,0.98,0.14,0.09,-0.12,0.17,0.47,0.15,6.6,-0.19,0.065113268,3.262886417,1.450063969,0.01200036,-0.007996242,11.19788389
3/29/23,1,0.166266396,0.227401933,1.31327785,0.199345216,0.202149322,1.28,-1.92,-0.47,-0.31,-4.03,-0.47,-0.31,-0.25,1.39,1.23,1,1.07,1.56,1.33,3.7,-0.16,4.034028036,1.425068089,0.363320584,-0.0199982,-0.019992203,3.470431441
3/30/23,1,-0.669786219,-0.44469599,0.015072726,-0.235253115,0.217335157,0.74,5.68,1.26,1.92,-1.29,1.26,1.92,0.81,1.06,1.26,0.43,0.74,1.05,-0.36,2.77,0.65,-0.78449665,-0.093038285,0.836302329,-0.00200022,0.00899829,-1.632257923
3/31/23,1,0.248344371,-0.008084728,0.030140909,-0.034934498,0.131643511,1.15,5.32,0.63,1.75,2,0.63,1.75,-0.46,0.81,0.69,1.26,0.15,0.34,0.93,1.02,0.36,1.447835193,1.748183506,-0.102842685,0.02300299,-0.007997761,0.325641135
4/3/23,1,-0.174455973,-0.274127227,-0.301318267,0.145611276,0.556133958,0.44,-5.37,6.47,6.28,-0.51,6.47,6.28,0.6,0.32,-0.31,0.98,0.54,0.24,0.52,-2.35,0.72,-2.675640472,-1.581133812,-3.424460705,0.0089991,0.018996201,-8.463758156
4/4/23,1,-0.547895169,-0.760121619,-0.56667926,0.005815982,0.28461599,-0.24,0.43,0.01,0.36,0.15,0.01,0.36,2.13,-0.01,0.14,-0.59,-0.5,-0.56,0.35,-1.26,0.49,1.848070763,4.25216757,1.810548069,-0.00899829,0.010995712,2.07167407
4/5/23,1,0.30225316,0.23257679,-0.372340426,0.001453911,0.218041645,-0.46,2.33,0.06,-0.12,2.41,0.06,-0.12,-0.14,-0.39,-0.53,0.24,0.37,-0.59,0.35,0.54,,-0.148407366,2.129102903,1.046069451,-0.0039996,-0.013993003,0.420161421
4/6/23,1,-0.082364784,0.104367373,0.427122264,-0.045070586,0.204290552,0.22,-6.68,0.15,0.11,-2.58,0.15,0.11,-0.39,0.12,0.5,0.01,1.03,1.29,-1.68,,0,-0.681773036,-2.405845158,-0.725971273,-0.03099814,-0.00099964,-0.985856979
4/7/23,1,0.128287364,0.273707938,0.334168755,0,0.032705129,0.01,,,,,0,0,,,,,,,-1.22,,0.45,-0.311439694,-0.420683705,-0.470337369,0.039009752,0.038986355,1.909615889
4/10/23,1,0.673431734,0.517883153,1.241389751,0.082909091,-0.132843162,-0.15,8.01,-1.1,-1.19,0.79,-1.1,-1.19,-1.06,,,0.3,0,0,0.17,1.54,-0.37,4.781131994,1.782946571,0.89976195,-0.00199972,0.007994085,0.047026317
4/11/23,1,-0.605171465,-0.410992022,-0.089719626,0.08574709,0.600194779,0.39,0.64,1.7,2.24,-0.49,1.7,2.24,0.81,0.89,0.37,0.29,0.57,1.15,0.42,1.25,-0.05,3.327258491,0.204093502,3.55930204,-0.00399952,0.016986071,0.679708223
4/12/23,1,-0.737234914,-0.497153396,-0.284367283,-0.197484971,0.702465387,-0.06,-4.25,2.01,2.12,1.31,2.01,2.12,0.38,0.09,0.31,-0.11,0.5,0.38,0.57,2.65,0.41,-0.833570488,1.215734902,-1.438022788,-0.010099192,-0.020979231,-2.055578695
4/13/23,1,-0.606115433,-0.478812545,-0.660412758,-0.077113342,0.22029841,1.21,-4.11,-1.42,-1.32,-1.12,-1.42,-1.32,1.55,1.13,0.16,1.14,0.24,-0.01,0.26,1.3,-0.27,1.152248269,4.70547756,1.487427768,-0.002000042,0.017985971,1.166350867
4/14/23,1,0.673952641,0.918096158,1.034977714,0.01892919,0.209030327,-0.12,5.33,0.26,0.44,-1.26,0.26,0.44,-1.89,0.52,0.5,-0.42,0.36,0.89,1.2,1.99,0.6,0.549602808,4.850008713,1.24987689,0.007100291,-0.012987532,2.667691123
4/17/23,1,0.595510765,0.469293632,0.575743981,0.139758335,0.353559132,0.05,7.62,-1.8,-2.05,-0.93,-1.8,-2.05,-0.54,-0.28,-0.11,0.3,0.1,-0.62,0.07,2.02,1.42,-3.313057343,-1.363813359,3.291151554,-0.01399958,-0.023980097,-2.558194448
4/18/23,1,-0.392407374,-0.483130687,-0.29737566,-0.04506731,0.433170919,0.31,4,0.01,0.04,-0.57,0.01,0.04,0.64,0.47,0.59,-0.03,0.38,0.69,0.51,1.07,0.23,3.078426582,0.78328856,0.782224838,0.00800088,-0.041975235,2.30348914
4/19/23,1,0.045649594,-0.18485774,0.507046454,0.139626209,0.260623686,-0.09,-6.09,-1.95,-2.1,-1.62,-1.95,-2.1,-0.51,0.21,0.08,-0.23,-0.13,0.15,-0.18,-3.13,-0.68,-3.937544442,-5.613329448,-5.133184215,0.00800024,0.037993541,-5.428385315
4/20/23,1,-0.154968095,-0.048200514,-0.511907412,-0.183003878,0.247960319,-0.38,1.22,-2.43,-2.36,-2.46,-2.43,-2.36,0.53,-0.14,-0.62,-0.33,0.05,-1.1,0.18,2.33,-0.09,-3.248722615,-1.671137203,-2.078927847,-0.00699965,-0.046974164,-4.632457501
4/21/23,1,-0.027339834,0.233513165,0.134228188,0.283739542,0.225918508,0.02,-0.71,0.69,0.75,-0.25,0.69,0.75,-1.4,0.51,0.54,0.07,0.15,0.43,-0.33,3.22,-1.95,-3.385081838,-5.261776332,0.452652259,0.02100042,-0.01899848,-6.308960516
4/24/23,1,-0.489707083,-0.30504937,0.09681263,0.05513639,0.219808657,0.13,1.79,1.31,1.14,1.7,1.31,1.14,0.52,-0.04,-0.11,0.2,-0.02,-0.75,0.1,2.93,-0.78,0.506653957,-0.412897618,3.674369847,-0.01699677,0.01300143,4.014459106
4/25/23,1,0.537928519,0.475883207,-0.334796518,0.52495722,0.81295014,-1.32,1.5,-2.37,-2.15,-3.16,-2.37,-2.15,0.05,-0.56,0.05,-1.02,-0.27,-1.03,0.09,1.21,-0.32,3.1343926,2.066501187,1.832439399,0.01199976,0.02099958,2.129712742
4/26/23,1,-0.760043431,-0.704789364,-0.179157958,-0.085112522,0.29647971,-0.35,-8.24,-3.81,-3.59,-3.19,-3.81,-3.59,-0.39,-0.86,-0.48,-0.68,-0.49,-0.54,-0.71,0.57,-0.02,1.458204389,0.405146104,-1.85904238,-0.02199692,0.00899793,-2.183618921
4/27/23,1,0.317690841,0.120279047,0.239306013,-0.059196373,0.302035157,1.3,11.24,0.88,0.62,-0.79,0.88,0.62,0.19,0.23,0.03,1.57,-0.27,0.19,0.15,-2.62,0.67,3.381346124,1.998392343,0.937464135,0.01100088,0.00099968,1.480919053
4/28/23,1,-0.208333333,-0.882212685,1.454789615,-0.158913609,0.214822125,0.72,2.34,1.49,2.7,1.04,1.49,2.7,0.01,0.1,0.77,0.8,0.5,-0.3,1.4,0.39,1.14,-1.030455073,-1.063646565,-2.980162173,0.03399898,0.043985485,2.639917334
5/1/23,1,0.63810392,0.696278511,1.000073535,0.078136304,-0.242918908,-0.08,-3.82,-0.29,-1.46,0.15,-0.29,-1.46,-0.31,,,-0.14,,,0.92,,,-4.628430865,-3.736409819,1.307324595,-0.020992233,-0.050960761,-3.310162751
5/2/23,1,-0.245521506,0.160320641,-0.647979614,0,0.383392515,-1.08,-4.49,-5.03,-5.29,-3.91,-5.03,-5.29,1.56,-1.45,-1.23,-1.08,-1.24,-1.65,0.12,-0.78,,2.447781029,2.624339668,-1.915741471,0.0049992,0.034990902,0.532273395
5/3/23,1,-0.470630826,-0.573842353,-0.842737799,0,1.011646095,-0.24,-1.99,-3.97,-4.27,-2.49,-3.97,-4.27,0.63,0.28,0.56,-0.8,0.2,0.77,,-2.58,,0.883258537,0.926454961,1.175992253,-0.014996851,-0.033979273,-0.422017087
5/4/23,1,0.363339086,-0.262321145,-1.1455177,-0.101208721,0.265393135,-0.61,-3.18,0.24,-0.06,0.29,0.24,-0.06,1.03,-0.85,-0.51,-0.86,-1.1,-0.61,,-2.17,0.82,-0.279283265,-0.672458309,-0.726720555,-0.0099994,0.008997571,-0.810280091
5/5/23,1,-0.154181027,-0.553359684,0.814892344,0.010131126,0.228855486,1.54,1.71,3.86,4.05,3.39,3.86,4.05,-1.3,1.26,1.44,1.65,0.98,2.54,,5.46,-0.48,2.298754957,5.8454114,1.013855928,0.025001,0.054980207,1.579411093
5/8/23,1,0.054446461,0.134568194,-0.014831294,0.034731769,0.244641027,0.19,4.73,2.27,2.55,2.72,2.27,2.55,0.51,0.11,-0.05,-0.17,,0.28,-0.71,2.44,1.81,-6.611528245,-7.316152603,-4.362230306,-0.014996851,-0.014986361,-9.102746694
5/9/23,1,0.611704556,0.118877794,0.237335904,0.10994575,0.612993294,-0.43,1.3,0.56,0.75,0.53,0.56,0.75,0.62,-0.59,0.02,-0.17,-0.18,-0.16,1.01,1.11,-1.1,0.228210273,0.1666911,-0.199912358,0.03399796,0.023981774,0.307005763
5/10/23,1,-0.11854824,0.031710798,-0.466148724,0.173407899,0.205868197,0.26,-3.35,-1.33,-1.56,0.13,-1.33,-1.56,-0.18,-0.49,-0.37,-0.09,-0.29,-0.43,-0.41,0.89,-1.15,-0.332667275,-0.283499566,0.599335923,0,-0.00999001,0.799577192
5/11/23,1,0.458043239,0.903927686,-0.044603033,0.229367724,0.191376513,-0.27,7.03,-1.87,-2.33,-1.83,-1.87,-2.33,-1.02,0.28,-0.39,-0.66,-0.14,-0.61,0.02,0.9,-0.29,-1.918767456,-2.431546503,-2.126595345,0,0.009991008,-2.122671737
5/12/23,1,0.552689757,0.296854942,0.870147256,0.136729994,0.180855147,-0.2,3.97,-1.08,-1.17,-1.87,-1.08,-1.17,-0.14,0.45,0.5,-0.03,0.31,0.92,0.9,2.63,-1.12,-0.864654694,0.657440218,0.208003073,-0.019992003,-0.01998002,2.219656207
5/15/23,1,-0.165532463,-0.494970461,0.324412003,-0.079051383,0.472189766,0.36,-2.58,1.43,1.53,3.14,1.43,1.53,0.19,0.05,0.02,0.14,0.3,-0.37,0.81,-0.29,1.17,2.278916012,1.092636054,1.976312832,0.019996001,-0.009992006,-0.037964984
5/16/23,1,0.073624149,0.256122939,0.404203719,0.332278481,0.268226701,-0.61,0.04,-0.43,-0.35,-0.59,-0.43,-0.35,-1.48,-0.16,-0.12,-1.01,-0.34,-0.17,0.73,-0.56,-0.6,-1.306716919,0.021901247,-0.784888351,-0.019992003,-0.029979015,1.35001631
5/17/23,1,0.332409972,0.152304609,0.651441956,0.329744376,0.206860835,0.66,-0.46,2.74,2.78,2.48,2.74,2.78,-0.38,-0.09,0.34,1.24,-0.36,-0.01,0.84,2.82,-0.21,1.312916762,-0.125357186,0.636024478,0.009998,0.009996002,2.632111345
5/18/23,1,0.501113586,0.410495815,0.71994764,0.534430774,0.218205677,0.68,9.6,-1.43,-1.33,-0.83,-1.43,-1.33,-1.25,0.64,1.33,0.34,0.25,0.14,1.6,1.04,0.4,-1.641062728,-0.498769519,-0.913392057,0.009997001,-0.009995002,3.73233458
5/19/23,1,-0.397448932,-0.320924262,-0.599277978,-0.419302111,0.220965215,0.09,-0.27,-0.37,-0.43,-1.68,-0.37,-0.43,1.18,0.61,0.69,-0.33,0.19,1.05,0.77,2.25,-0.42,-0.057186782,-0.05673712,-0.721865904,-0.019992003,-0.010995602,1.134780872
5/22/23,1,0.120303535,0.3138833,0.711847171,0.415358264,-0.25412724,0.1,-7.16,0.54,0.61,0.18,0.54,0.61,-0.29,-0.18,-0.32,-0.42,0.18,-0.76,0.9,0.09,0.39,0.000371555,0.402896889,0.51987728,0.009998,0.020993912,-1.603535892
5/23/23,1,0.324946616,0.016099171,0.064911648,0.197580702,1.201955284,-1.01,-3.29,1.12,1.28,-0.2,1.12,1.28,-0.22,-1.33,-0.44,-0.69,-0.1,-0.5,-0.42,0.53,-1.52,1.068960392,1.522778549,1.104712126,-0.044986504,-0.043978011,0.692880238
5/24/23,1,0.120840305,0.44469599,0.288309067,0.134770889,0.251872503,-1,3.32,1.98,1.96,2.2,1.98,1.96,-0.59,-1.7,-1.92,-0.77,-1.75,-2.39,-0.89,0.26,-1.28,-3.068190591,-2.660307882,-2.510458916,0.01900285,-0.01199928,-2.532202068
5/25/23,1,0.307692308,0.348884381,0.481529395,0.269179004,0.350679409,0.29,-3.79,-2.68,-3.38,-2.8,-2.68,-3.38,-1.08,-0.33,-0.31,-0.11,-0.74,-0.44,0.39,,-0.11,0.415290267,0.41606257,-0.233386361,0.00899964,0.00800048,0.141728558
5/26/23,1,0.112013442,-0.137741047,0.514984622,-0.204874603,-0.002666788,1.11,-5.46,0.9,1.17,0.98,0.9,1.17,0.21,1.24,1.2,1,0.74,1.16,0.37,,0.35,0.959337679,1.323228412,0.870110142,-0.02299701,0.01799964,3.395788163
5/29/23,1,,,,,0.167177646,0.09,-3.53,0.16,-0.48,0,0.16,-0.48,,-0.21,-0.2,,,-0.36,1.03,1.38,0.28,3.533029561,3.241938829,1.252923325,0.020002,0.009998,4.602450598
5/30/23,1,-0.083939564,-0.491816496,-0.498114282,0.229364293,0.893641538,-0.17,-0.94,-4.58,-4.68,-3.73,-4.58,0,0.6,-1.29,-0.27,-0.15,-1.38,-0.16,0.39,-0.86,0.09,0.199457995,0.811210999,0.394804894,0.0089991,0.008997301,6.217451572
5/31/23,1,0.638257931,0.056469829,-0.035757706,0.43507741,0.251835863,-0.89,-2.62,-1.2,-1.97,-0.93,-1.2,-1.97,0.37,-1.54,-1.54,-0.41,-1.01,-1.97,-1.41,-0.38,-0.61,-2.290282796,-2.195306189,-2.231202923,-0.032993731,-0.022991033,-1.349406019
6/1/23,1,-0.911458333,-1.116783663,-0.744026327,-0.23347398,0.264939231,1.11,-4.77,2.23,2.95,2.44,2.23,2.95,0.77,0.55,1.21,0.47,0.59,2.01,0.84,3.3,0,-0.729652225,0.266560829,0.012109351,0.02300322,0.01199808,-0.903986503
6/2/23,1,0.261096606,0.545396214,0.735188122,-0.150844447,0.299049237,1.47,0.65,2.49,2.34,1.82,2.49,2.34,-1.27,1.87,1.25,2.12,1.56,1.85,1.21,-0.12,0.79,1.179667923,1.897874252,0.619792792,-0.00299973,-0.00199944,2.987169758
6/5/23,1,0.027982464,0.225080386,-0.085861477,0.314851681,0.626352018,-0.11,3.36,0.76,0.57,0.87,0.76,0.57,0.17,-0.96,-0.54,-0.59,-0.1,-0.78,2.2,2.24,0.07,-5.678181277,-5.112496982,-10.63418759,0.00399976,0.003998961,-3.834215289
6/6/23,1,0.243104254,0.177162184,0.021483816,0.197044335,0.321580668,0.27,0.76,-0.55,-0.57,-0.41,-0.55,-0.57,0.34,0.11,0.18,0.03,0.37,0.67,0.9,5.52,-1.15,5.436434042,4.019805815,2.911398854,0.0089991,-0.0009997,5.08227279
6/7/23,1,-0.065408335,-0.265038953,0.221951743,0.136255092,0.301330421,-0.4,2.96,0.87,1.1,1.44,0.87,1.1,-1.1,-0.09,-0.2,0.27,-0.05,0.07,-1.82,-0.09,0.08,-3.357854638,-3.061892023,-8.965917208,-0.017996581,-0.017994782,-2.851783215
6/8/23,1,-0.723562152,-0.765123137,-0.821545935,-0.249694895,0.145795495,0.54,0.99,-1.29,-1.71,-0.5,-1.29,-1.71,1.27,0.27,0.18,0.5,-0.32,0.81,-0.85,0.13,0.49,1.613772695,1.61962867,2.182746244,0.01699983,0.00699923,2.32140739
6/9/23,1,0.288398921,-0.254392241,0.374558813,0.230631847,0.352257915,0.12,-4.17,-1.54,-1.57,-1.21,-1.54,-1.57,-0.02,-0.12,-0.25,0.13,-0.49,-0.41,1.97,0.22,0.55,-0.391298132,-0.846039219,-0.417796059,-0.026995141,-0.037993161,2.489001226
6/12/23,1,0.018609845,0.720634158,0.265518479,0.23010116,0.038258074,0.71,0.53,-3.94,-4.35,-2.2,-3.94,-4.35,-0.46,0.52,0.93,0.56,0.11,0.91,0.52,-0.02,-0.08,-2.049542573,-5.066186041,-11.73477179,0.01300117,0.024004801,-2.219762207