ticker,date,open,high,low,close,return
SOL,4/10/20,0.8198,1.33,0.7289,0.9496,
SOL,4/11/20,0.9496,1.051,0.7689,0.7973,-16.03833193
SOL,4/12/20,0.7973,0.9403,0.7797,0.883,10.74877712
SOL,4/13/20,0.883,0.9301,0.7755,0.7772,-11.98187995
SOL,4/14/20,0.7772,0.8212,0.6302,0.6664,-14.25630468
SOL,4/15/20,0.6664,0.6723,0.5978,0.6382,-4.231692677
SOL,4/16/20,0.6382,0.8001,0.6382,0.6928,8.555311814
SOL,4/17/20,0.6928,0.721,0.6536,0.6555,-5.383949192
SOL,4/18/20,0.6555,0.7288,0.6555,0.6786,3.52402746
SOL,4/19/20,0.6786,0.6786,0.5928,0.6047,-10.89006779
SOL,4/20/20,0.6047,0.6047,0.5171,0.5331,-11.84058211
SOL,4/21/20,0.5331,0.5938,0.5145,0.5789,8.591258676
SOL,4/22/20,0.5789,0.7143,0.5789,0.6917,19.48523061
SOL,4/23/20,0.6917,0.7152,0.6099,0.6341,-8.327309527
SOL,4/24/20,0.6341,0.6642,0.6064,0.6229,-1.766282921
SOL,4/25/20,0.6229,0.6687,0.6208,0.6442,3.419489485
SOL,4/26/20,0.6442,0.693,0.634,0.6346,-1.490220428
SOL,4/27/20,0.6346,0.6527,0.5676,0.5734,-9.643870154
SOL,4/28/20,0.5734,0.6995,0.566,0.6554,14.30066271
SOL,4/29/20,0.6554,0.7906,0.6554,0.7469,13.96093988
SOL,4/30/20,0.7469,0.7641,0.6821,0.6913,-7.444102289
SOL,5/1/20,0.6913,0.7398,0.6722,0.7248,4.845942427
SOL,5/2/20,0.7248,0.7492,0.7053,0.7079,-2.331677704
SOL,5/3/20,0.7079,0.7089,0.6476,0.6808,-3.828224325
SOL,5/4/20,0.6808,0.7074,0.6318,0.6699,-1.601057579
SOL,5/5/20,0.6699,0.6756,0.6332,0.6445,-3.791610688
SOL,5/6/20,0.6445,0.6479,0.6086,0.6171,-4.251357642
SOL,5/7/20,0.6171,0.6494,0.58,0.6088,-1.34500081
SOL,5/8/20,0.6088,0.6255,0.5882,0.6052,-0.591327201
SOL,5/9/20,0.6052,0.6183,0.5793,0.6037,-0.24785195
SOL,5/10/20,0.6037,0.6201,0.5347,0.5413,-10.33625973
SOL,5/11/20,0.5413,0.5634,0.5177,0.5183,-4.249030113
SOL,5/12/20,0.5183,0.5581,0.5183,0.5367,3.550067528
SOL,5/13/20,0.5367,0.5672,0.5177,0.5544,3.297931805
SOL,5/14/20,0.5544,0.5897,0.5504,0.5722,3.210678211
SOL,5/15/20,0.5717,0.5717,0.5423,0.5571,-2.638937434
SOL,5/16/20,0.5577,0.6005,0.5577,0.5986,7.449290971
SOL,5/17/20,0.5986,0.6422,0.5958,0.6147,2.689609088
SOL,5/18/20,0.6147,0.6878,0.6147,0.6532,6.26321783
SOL,5/19/20,0.6532,0.6798,0.6189,0.6287,-3.750765462
SOL,5/20/20,0.6287,0.6287,0.58,0.5827,-7.316685223
SOL,5/21/20,0.5827,0.6106,0.5443,0.6057,3.947142612
SOL,5/22/20,0.6057,0.6696,0.5971,0.6364,5.068515767
SOL,5/23/20,0.6364,0.6364,0.5865,0.6075,-4.541169076
SOL,5/24/20,0.6075,0.6075,0.5499,0.5528,-9.004115226
SOL,5/25/20,0.5528,0.6568,0.5487,0.5961,7.832850941
SOL,5/26/20,0.5961,0.6095,0.5641,0.5742,-3.673880221
SOL,5/27/20,0.5742,0.6113,0.5742,0.592,3.099965169
SOL,5/28/20,0.592,0.6147,0.5722,0.5763,-2.652027027
SOL,5/29/20,0.5763,0.5967,0.5646,0.5768,0.086760368
SOL,5/30/20,0.5768,0.6198,0.5768,0.5847,1.36962552
SOL,5/31/20,0.5847,0.5847,0.5542,0.5746,-1.727381563
SOL,6/1/20,0.5746,0.5974,0.567,0.5743,-0.052210233
SOL,6/2/20,0.5743,0.5751,0.5503,0.565,-1.619362702
SOL,6/3/20,0.565,0.6044,0.565,0.5872,3.92920354
SOL,6/4/20,0.5872,0.5948,0.5724,0.5852,-0.340599455
SOL,6/5/20,0.5852,0.6943,0.5796,0.6639,13.44839371
SOL,6/6/20,0.6639,0.6658,0.6152,0.6285,-5.332128333
SOL,6/7/20,0.6285,0.6285,0.602,0.6141,-2.291169451
SOL,6/8/20,0.6141,0.6873,0.6104,0.6685,8.858492102
SOL,6/9/20,0.6685,0.6685,0.6258,0.6575,-1.645474944
SOL,6/10/20,0.6575,0.6642,0.6279,0.6396,-2.72243346
SOL,6/11/20,0.6396,0.6396,0.5669,0.5695,-10.95997498
SOL,6/12/20,0.5695,0.6095,0.5695,0.5937,4.249341528
SOL,6/13/20,0.5937,0.6099,0.5937,0.6094,2.644433215
SOL,6/14/20,0.6094,0.6094,0.5796,0.5854,-3.938299967
SOL,6/15/20,0.5854,0.5862,0.5643,0.5697,-2.681926888
SOL,6/16/20,0.5704,0.5877,0.5704,0.5844,2.580305424
SOL,6/17/20,0.5849,0.6232,0.5704,0.5837,-0.119780972
SOL,6/18/20,0.5837,0.6468,0.571,0.6203,6.270344355
SOL,6/19/20,0.622,0.846,0.6129,0.6861,10.60777043
SOL,6/20/20,0.6861,0.6969,0.6271,0.6489,-5.421950153
SOL,6/21/20,0.649,0.7482,0.627,0.6742,3.898905841
SOL,6/22/20,0.6737,0.7558,0.6641,0.7298,8.246811035
SOL,6/23/20,0.7335,0.7692,0.6989,0.7078,-3.014524527
SOL,6/24/20,0.708,0.8076,0.6691,0.7349,3.828765188
SOL,6/25/20,0.7349,0.7538,0.6988,0.7142,-2.816709756
SOL,6/26/20,0.7142,0.762,0.6817,0.7375,3.262391487
SOL,6/27/20,0.7375,0.7375,0.6664,0.7126,-3.376271186
SOL,6/28/20,0.7126,0.8445,0.6936,0.7988,12.09654785
SOL,6/29/20,0.7988,0.9002,0.7766,0.8542,6.935403105
SOL,6/30/20,0.8542,1.051,0.8454,0.8602,0.702411613
SOL,7/1/20,0.8602,0.9181,0.8165,0.8325,-3.220181353
SOL,7/2/20,0.8325,0.8325,0.7552,0.7773,-6.630630631
SOL,7/3/20,0.7773,0.7878,0.7448,0.7691,-1.054933745
SOL,7/4/20,0.7691,0.8334,0.7672,0.7817,1.638278507
SOL,7/5/20,0.7817,0.7817,0.6249,0.6934,-11.29589357
SOL,7/6/20,0.6934,0.7283,0.6934,0.7105,2.466109028
SOL,7/7/20,0.7099,0.7938,0.7099,0.7552,6.291344124
SOL,7/8/20,0.7552,0.8508,0.7537,0.7956,5.349576271
SOL,7/9/20,0.7939,0.8856,0.7534,0.8486,6.661639015
SOL,7/10/20,0.8491,0.9779,0.8491,0.9133,7.624322413
SOL,7/11/20,0.9133,0.9448,0.8718,0.9224,0.996386729
SOL,7/12/20,0.9224,1.143,0.9224,1.02,10.5810928
SOL,7/13/20,1.02,1.28,1.018,1.173,15
SOL,7/14/20,1.173,1.26,1.092,1.15,-1.960784314
SOL,7/15/20,1.15,1.76,1.11,1.282,11.47826087
SOL,7/16/20,1.282,1.434,0.8232,0.8704,-32.10608424
SOL,7/17/20,0.8704,1.036,0.7737,0.9778,12.33915441
SOL,7/18/20,0.9778,1.004,0.9361,0.9659,-1.217017795
SOL,7/19/20,0.9659,1.032,0.9088,0.929,-3.82027125
SOL,7/20/20,0.8695,1.001,0.8518,0.8998,-3.143164693
SOL,7/21/20,0.8998,0.979,0.8525,0.9424,4.734385419
SOL,7/22/20,0.9805,1.355,0.9805,1.04,10.3565365
SOL,7/23/20,1.04,1.14,1.017,1.059,1.826923077
SOL,7/24/20,1.059,1.083,0.9661,1.002,-5.382436261
SOL,7/25/20,1.002,1.438,1.002,1.248,24.5508982
SOL,7/26/20,1.248,1.641,1.19,1.566,25.48076923
SOL,7/27/20,1.675,2.055,1.603,1.738,10.98339719
SOL,7/28/20,1.738,1.875,1.613,1.79,2.991944764
SOL,7/29/20,1.79,2.112,1.58,1.655,-7.541899441
SOL,7/30/20,1.655,1.8,1.623,1.683,1.6918429
SOL,7/31/20,1.683,1.695,1.492,1.522,-9.566250743
SOL,8/1/20,1.522,1.67,1.485,1.53,0.525624179
SOL,8/2/20,1.53,1.76,1.41,1.73,13.07189542
SOL,8/3/20,1.73,1.845,1.665,1.802,4.161849711
SOL,8/4/20,1.802,1.96,1.785,1.86,3.218645949
SOL,8/5/20,1.873,1.986,1.726,1.743,-6.290322581
SOL,8/6/20,1.743,2.247,1.703,2.201,26.27653471
SOL,8/7/20,2.19,2.208,1.87,2.083,-5.361199455
SOL,8/8/20,2.083,2.578,2.018,2.465,18.33893423
SOL,8/9/20,2.476,2.764,2.303,2.667,8.194726166
SOL,8/10/20,2.663,3.397,2.498,3.12,16.98537683
SOL,8/11/20,3.137,3.517,2.754,3.296,5.641025641
SOL,8/12/20,3.296,3.929,3.08,3.755,13.92597087
SOL,8/13/20,3.755,4.147,3.509,3.738,-0.452729694
SOL,8/14/20,3.738,3.772,3.324,3.413,-8.694489032
SOL,8/15/20,3.413,3.744,3.153,3.176,-6.944037504
SOL,8/16/20,3.176,3.493,3.123,3.392,6.801007557
SOL,8/17/20,3.392,3.402,3.106,3.116,-8.136792453
SOL,8/18/20,3.116,3.713,2.814,3.343,7.284980745
SOL,8/19/20,3.343,3.49,2.8,2.887,-13.64044272
SOL,8/20/20,2.887,3.448,2.887,3.207,11.08417042
SOL,8/21/20,3.207,3.24,2.89,2.932,-8.574992205
SOL,8/22/20,2.932,3.203,2.746,3.016,2.864938608
SOL,8/23/20,3.016,3.403,3.004,3.253,7.858090186
SOL,8/24/20,3.253,3.624,3.213,3.343,2.766676914
SOL,8/25/20,3.343,3.368,3.003,3.253,-2.692192641
SOL,8/26/20,3.253,3.804,3.184,3.572,9.806332616
SOL,8/27/20,3.572,3.861,3.247,3.453,-3.331466965
SOL,8/28/20,3.453,4.313,3.453,4.01,16.13090067
SOL,8/29/20,4.01,4.116,3.779,3.957,-1.321695761
SOL,8/30/20,3.957,4.717,3.904,4.435,12.07985848
SOL,8/31/20,4.435,4.891,4.104,4.749,7.080045096
SOL,9/1/20,4.749,4.952,4.306,4.345,-8.507054117
SOL,9/2/20,4.345,4.355,3.664,4.174,-3.935558113
SOL,9/3/20,4.174,4.468,3.481,3.51,-15.90800192
SOL,9/4/20,3.51,3.843,3.177,3.537,0.769230769
SOL,9/5/20,3.537,3.671,2.098,2.61,-26.2086514
SOL,9/6/20,2.61,3.183,2.26,3.096,18.62068966
SOL,9/7/20,3.096,3.201,2.382,2.927,-5.458656331
SOL,9/8/20,2.927,2.953,2.401,2.47,-15.61325589
SOL,9/9/20,2.47,3.888,2.384,3.604,45.91093117
SOL,9/10/20,3.604,3.879,3.307,3.479,-3.468368479
SOL,9/11/20,3.479,3.507,3.035,3.4,-2.270767462
SOL,9/12/20,3.4,3.473,3.153,3.335,-1.911764706
SOL,9/13/20,3.335,3.47,2.984,3.26,-2.248875562
SOL,9/14/20,3.26,3.543,3.078,3.267,0.214723926
SOL,9/15/20,3.267,3.328,2.899,2.932,-10.25405571
SOL,9/16/20,2.932,2.933,2.43,2.536,-13.50613915
SOL,9/17/20,2.536,2.942,2.362,2.886,13.80126183
SOL,9/18/20,2.886,3.163,2.729,3.117,8.004158004
SOL,9/19/20,3.117,3.256,2.96,3.034,-2.662816811
SOL,9/20/20,3.034,3.035,2.703,2.866,-5.537244562
SOL,9/21/20,2.866,3.043,2.471,2.77,-3.34961619
SOL,9/22/20,2.77,3.014,2.653,2.911,5.090252708
SOL,9/23/20,2.911,3.093,2.703,2.858,-1.820680179
SOL,9/24/20,2.858,3.26,2.783,3.146,10.07697691
SOL,9/25/20,3.146,3.28,2.903,3.197,1.621106167
SOL,9/26/20,3.197,3.256,3.036,3.135,-1.939318111
SOL,9/27/20,3.135,3.192,2.988,3.164,0.925039872
SOL,9/28/20,3.164,3.203,2.911,2.963,-6.352718078
SOL,9/29/20,2.963,3.03,2.877,2.953,-0.337495781
SOL,9/30/20,2.953,2.987,2.826,2.9,-1.794784964
SOL,10/1/20,2.9,2.992,2.653,2.87,-1.034482759
SOL,10/2/20,2.87,2.89,2.422,2.626,-8.50174216
SOL,10/3/20,2.626,2.674,2.539,2.547,-3.008377761
SOL,10/4/20,2.547,2.593,2.422,2.523,-0.942285041
SOL,10/5/20,2.523,2.686,2.458,2.655,5.231866825
SOL,10/6/20,2.655,2.663,2.132,2.176,-18.04143126
SOL,10/7/20,2.176,2.41,2.083,2.302,5.790441176
SOL,10/8/20,2.302,2.459,2.014,2.366,2.780191138
SOL,10/9/20,2.366,2.631,2.306,2.535,7.142857143
SOL,10/10/20,2.535,2.608,2.39,2.402,-5.246548323
SOL,10/11/20,2.402,2.462,2.343,2.425,0.957535387
SOL,10/12/20,2.425,2.707,2.415,2.587,6.680412371
SOL,10/13/20,2.587,2.59,2.338,2.408,-6.919211442
SOL,10/14/20,2.408,2.444,2.235,2.313,-3.945182724
SOL,10/15/20,2.313,2.35,2.195,2.27,-1.859057501
SOL,10/16/20,2.27,2.271,2.109,2.141,-5.682819383
SOL,10/17/20,2.141,2.248,2.113,2.207,3.082671649
SOL,10/18/20,2.207,2.261,2.178,2.216,0.407793385
SOL,10/19/20,2.216,2.217,2.052,2.061,-6.994584838
SOL,10/20/20,2.061,2.109,1.842,1.887,-8.442503639
SOL,10/21/20,1.887,2.114,1.846,1.894,0.370959194
SOL,10/22/20,1.894,2.092,1.85,1.96,3.48468849
SOL,10/23/20,1.96,1.992,1.852,1.961,0.051020408
SOL,10/24/20,1.961,1.975,1.882,1.916,-2.294747578
SOL,10/25/20,1.916,1.926,1.762,1.795,-6.315240084
SOL,10/26/20,1.795,1.87,1.614,1.682,-6.295264624
SOL,10/27/20,1.682,1.75,1.591,1.711,1.724137931
SOL,10/28/20,1.711,1.725,1.451,1.518,-11.27995324
SOL,10/29/20,1.518,1.575,1.415,1.433,-5.599472991
SOL,10/30/20,1.433,1.474,1.317,1.439,0.418702024
SOL,10/31/20,1.439,1.558,1.427,1.55,7.713690063
SOL,11/1/20,1.55,1.646,1.514,1.608,3.741935484
SOL,11/2/20,1.608,1.645,1.463,1.475,-8.271144279
SOL,11/3/20,1.475,1.485,1.407,1.413,-4.203389831
SOL,11/4/20,1.413,1.416,1.275,1.392,-1.486199575
SOL,11/5/20,1.392,1.493,1.3,1.401,0.646551724
SOL,11/6/20,1.401,1.948,1.395,1.901,35.68879372
SOL,11/7/20,1.901,2.502,1.832,2.026,6.575486586
SOL,11/8/20,2.026,2.284,1.963,2.158,6.515301086
SOL,11/9/20,2.158,2.199,1.946,2.03,-5.93141798
SOL,11/10/20,2.03,2.327,2.01,2.268,11.72413793
SOL,11/11/20,2.268,2.302,1.969,2.002,-11.72839506
SOL,11/12/20,2.002,2.06,1.825,1.908,-4.695304695
SOL,11/13/20,1.908,2.08,1.9,2.014,5.555555556
SOL,11/14/20,2.014,2.037,1.869,1.918,-4.766633565
SOL,11/15/20,1.918,2.22,1.915,2.043,6.517205422
SOL,11/16/20,2.043,2.37,1.986,2.263,10.76847773
SOL,11/17/20,2.263,2.332,2.127,2.201,-2.739726027
SOL,11/18/20,2.201,2.217,2,2.116,-3.861880963
SOL,11/19/20,2.116,2.187,2.016,2.087,-1.370510397
SOL,11/20/20,2.087,2.239,2.052,2.103,0.766650695
SOL,11/21/20,2.103,2.506,2.033,2.381,13.21921065
SOL,11/22/20,2.381,2.418,2.038,2.149,-9.743805124
SOL,11/23/20,2.149,2.363,2.112,2.279,6.049325268
SOL,11/24/20,2.279,2.472,2.156,2.281,0.087757789
SOL,11/25/20,2.281,2.49,2.17,2.266,-0.657606313
SOL,11/26/20,2.266,2.315,1.725,1.915,-15.48984996
SOL,11/27/20,1.915,2.039,1.772,1.863,-2.7154047
SOL,11/28/20,1.863,1.942,1.804,1.889,1.395598497
SOL,11/29/20,1.889,1.949,1.852,1.917,1.482265749
SOL,11/30/20,1.917,2.018,1.904,1.967,2.608242045
SOL,12/1/20,1.967,2.142,1.919,1.976,0.457549568
SOL,12/2/20,1.976,2.212,1.935,2.122,7.388663968
SOL,12/3/20,2.122,2.228,2.076,2.099,-1.083883129
SOL,12/4/20,2.099,2.112,1.838,1.853,-11.7198666
SOL,12/5/20,1.853,1.984,1.822,1.982,6.961683756
SOL,12/6/20,1.982,1.993,1.8,1.853,-6.508577195
SOL,12/7/20,1.853,1.901,1.811,1.831,-1.187263896
SOL,12/8/20,1.831,1.831,1.623,1.663,-9.175314036
SOL,12/9/20,1.663,1.677,1.5,1.659,-0.240529164
SOL,12/10/20,1.659,1.666,1.54,1.569,-5.424954792
SOL,12/11/20,1.569,1.578,1.433,1.439,-8.285532186
SOL,12/12/20,1.439,1.54,1.438,1.492,3.683113273
SOL,12/13/20,1.492,1.697,1.458,1.57,5.227882038
SOL,12/14/20,1.57,1.625,1.522,1.594,1.52866242
SOL,12/15/20,1.594,1.805,1.59,1.761,10.47678795
SOL,12/16/20,1.761,1.792,1.603,1.783,1.249290176
SOL,12/17/20,1.783,1.806,1.639,1.68,-5.776780707
SOL,12/18/20,1.68,1.709,1.633,1.703,1.369047619
SOL,12/19/20,1.703,1.767,1.659,1.67,-1.9377569
SOL,12/20/20,1.67,1.688,1.52,1.562,-6.467065868
SOL,12/21/20,1.562,1.62,1.49,1.533,-1.85659411
SOL,12/22/20,1.533,1.579,1.47,1.489,-2.870189172
SOL,12/23/20,1.489,1.512,1.031,1.197,-19.61047683
SOL,12/24/20,1.197,1.388,1.166,1.361,13.70091896
SOL,12/25/20,1.361,1.46,1.342,1.447,6.318883174
SOL,12/26/20,1.447,1.448,1.31,1.324,-8.500345543
SOL,12/27/20,1.324,1.415,1.261,1.301,-1.737160121
SOL,12/28/20,1.301,1.52,1.285,1.515,16.44888547
SOL,12/29/20,1.515,1.731,1.437,1.667,10.0330033
SOL,12/30/20,1.667,1.688,1.524,1.535,-7.918416317
SOL,12/31/20,1.535,1.554,1.422,1.51,-1.628664495
SOL,1/1/21,1.51,1.863,1.5,1.845,22.18543046
SOL,1/2/21,1.845,1.999,1.712,1.799,-2.493224932
SOL,1/3/21,1.799,2.378,1.797,2.176,20.95608671
SOL,1/4/21,2.176,2.498,1.859,2.491,14.47610294
SOL,1/5/21,2.491,2.514,2.066,2.166,-13.04696909
SOL,1/6/21,2.166,2.187,1.905,1.943,-10.29547553
SOL,1/7/21,1.943,2.567,1.922,2.364,21.66752445
SOL,1/8/21,2.364,3.766,2.175,3.221,36.25211506
SOL,1/9/21,3.221,3.708,2.94,3.391,5.277864017
SOL,1/10/21,3.391,3.74,3.156,3.445,1.592450605
SOL,1/11/21,3.445,3.531,2.583,3.105,-9.869375907
SOL,1/12/21,3.105,3.884,3.062,3.641,17.26247987
SOL,1/13/21,3.641,3.795,3.265,3.525,-3.185937929
SOL,1/14/21,3.525,3.591,3.182,3.289,-6.695035461
SOL,1/15/21,3.289,3.446,2.962,3.244,-1.36819702
SOL,1/16/21,3.244,3.706,3.242,3.424,5.548705302
SOL,1/17/21,3.424,3.988,3.299,3.824,11.68224299
SOL,1/18/21,3.824,4.172,3.621,3.79,-0.889121339
SOL,1/19/21,3.79,4.047,3.6,3.629,-4.248021108
SOL,1/20/21,3.629,3.745,3.343,3.72,2.507577845
SOL,1/21/21,3.72,3.738,2.971,2.989,-19.65053763
SOL,1/22/21,2.989,3.502,2.54,3.338,11.67614587
SOL,1/23/21,3.338,3.604,3.309,3.511,5.182744158
SOL,1/24/21,3.511,3.798,3.486,3.635,3.531757334
SOL,1/25/21,3.635,3.986,3.44,3.704,1.898211829
SOL,1/26/21,3.704,4.101,3.652,4.045,9.206263499
SOL,1/27/21,4.045,4.05,3.519,3.682,-8.974042027
SOL,1/28/21,3.682,3.967,3.607,3.817,3.666485606
SOL,1/29/21,3.817,3.911,3.603,3.829,0.314383023
SOL,1/30/21,3.829,4.322,3.748,4.232,10.52494124
SOL,1/31/21,4.232,4.809,4.158,4.257,0.59073724
SOL,2/1/21,4.257,4.622,4.111,4.62,8.527131783
SOL,2/2/21,4.615,5.414,4.476,5.242,13.46320346
SOL,2/3/21,5.242,5.786,5.06,5.736,9.423884014
SOL,2/4/21,5.736,6.548,5.579,6.428,12.06415621
SOL,2/5/21,6.428,7.141,6.409,6.677,3.87367766
SOL,2/6/21,6.677,6.822,5.708,6.117,-8.38700015
SOL,2/7/21,6.117,6.887,5.758,6.703,9.579859408
SOL,2/8/21,6.703,8.085,6.464,7.863,17.30568402
SOL,2/9/21,7.863,8.501,7.563,7.811,-0.661325194
SOL,2/10/21,7.811,9.096,7.297,9.096,16.45115862
SOL,2/11/21,9.096,9.737,8.727,9.197,1.110378188
SOL,2/12/21,9.197,9.948,9.058,9.242,0.489289986
SOL,2/13/21,9.242,9.517,8.67,8.744,-5.38844406
SOL,2/14/21,8.744,9.236,8.543,8.731,-0.148673376
SOL,2/15/21,8.731,9.372,7.729,8.854,1.408773336
SOL,2/16/21,8.854,8.999,7.964,8.3,-6.257058956
SOL,2/17/21,8.3,8.447,7.522,8.236,-0.771084337
SOL,2/18/21,8.236,9.316,8.231,8.978,9.00922778
SOL,2/19/21,8.978,11.83,8.533,11.49,27.97950546
SOL,2/20/21,11.49,11.84,9.786,9.984,-13.10704961
SOL,2/21/21,9.984,11.66,9.818,11.08,10.9775641
SOL,2/22/21,11.08,14.79,9.113,14.43,30.23465704
SOL,2/23/21,14.43,15.88,11.48,15.23,5.544005544
SOL,2/24/21,15.23,18.22,14.81,17.21,13.0006566
SOL,2/25/21,17.21,17.71,13.67,13.82,-19.69785009
SOL,2/26/21,13.82,15.51,13.1,13.6,-1.591895803
SOL,2/27/21,13.6,14.82,13.03,13.2,-2.941176471
SOL,2/28/21,13.2,13.8,11.44,13.12,-0.606060606
SOL,3/1/21,13.12,15.56,13.02,14.98,14.17682927
SOL,3/2/21,14.98,15.26,13.39,13.96,-6.809078772
SOL,3/3/21,13.96,14.73,13.71,14.08,0.859598854
SOL,3/4/21,14.08,14.27,12.74,13.05,-7.315340909
SOL,3/5/21,13.05,13.11,12.14,12.55,-3.831417625
SOL,3/6/21,12.55,13.3,11.9,13.04,3.90438247
SOL,3/7/21,13.04,14.01,12.71,13.82,5.981595092
SOL,3/8/21,13.82,13.9,13,13.6,-1.591895803
SOL,3/9/21,13.6,15,13.22,14.85,9.191176471
SOL,3/10/21,14.85,15.22,14.07,14.24,-4.107744108
SOL,3/11/21,14.24,16.34,13.69,16.04,12.64044944
SOL,3/12/21,16.04,16.5,14.1,14.55,-9.289276808
SOL,3/13/21,14.55,15.41,13.85,15.3,5.154639175
SOL,3/14/21,15.3,15.37,14.35,14.47,-5.424836601
SOL,3/15/21,14.47,14.82,13.63,14.18,-2.00414651
SOL,3/16/21,14.18,14.29,13.15,13.64,-3.808180536
SOL,3/17/21,13.64,14.25,13.03,14.21,4.17888563
SOL,3/18/21,14.21,14.75,13.96,14.21,0
SOL,3/19/21,14.21,14.49,13.87,14.15,-0.422237861
SOL,3/20/21,14.15,14.97,14.09,14.19,0.282685512
SOL,3/21/21,14.19,14.36,13.64,14.34,1.057082452
SOL,3/22/21,14.34,16.59,14.17,14.79,3.138075314
SOL,3/23/21,14.79,15.22,14.02,14.16,-4.259634888
SOL,3/24/21,14.16,15.37,13.59,13.59,-4.025423729
SOL,3/25/21,13.59,13.72,12.48,12.97,-4.562178072
SOL,3/26/21,12.97,14.79,12.31,14.77,13.87818042
SOL,3/27/21,14.77,16.79,14.72,16.46,11.44211239
SOL,3/28/21,16.46,19.38,16.31,18.06,9.720534629
SOL,3/29/21,18.06,18.99,17.65,18.92,4.761904762
SOL,3/30/21,18.92,20.88,18.92,19.1,0.951374207
SOL,3/31/21,19.1,19.81,18.02,19.39,1.518324607
SOL,4/1/21,19.39,20.35,18.75,19.05,-1.753481176
SOL,4/2/21,19.05,19.8,18.36,19.76,3.727034121
SOL,4/3/21,19.76,23.83,19.73,22.44,13.56275304
SOL,4/4/21,22.44,25.52,22,23.84,6.23885918
SOL,4/5/21,23.84,24.76,22.78,22.97,-3.649328859
SOL,4/6/21,22.97,25.29,21.79,25.05,9.055289508
SOL,4/7/21,25.05,27.5,22.92,26.48,5.708582834
SOL,4/8/21,26.48,27.99,25.65,26.94,1.737160121
SOL,4/9/21,26.94,28.97,26.71,27.61,2.487008166
SOL,4/10/21,27.61,28.26,25.92,26.8,-2.933719667
SOL,4/11/21,26.8,28.65,25.52,27.84,3.880597015
SOL,4/12/21,27.84,29.91,26.82,28.54,2.514367816
SOL,4/13/21,28.54,28.79,26.28,27.42,-3.924316748
SOL,4/14/21,27.42,27.55,24.71,26.4,-3.719912473
SOL,4/15/21,26.4,28.23,25.49,27.81,5.340909091
SOL,4/16/21,27.81,28.28,24.89,25.33,-8.91765552
SOL,4/17/21,25.33,26.78,24.83,24.86,-1.855507304
SOL,4/18/21,24.86,33.01,21.13,32.37,30.20917136
SOL,4/19/21,32.37,36.12,29.85,31.51,-2.65678097
SOL,4/20/21,31.51,32.81,28.88,31.75,0.761662964
SOL,4/21/21,31.75,35.04,30.14,32.59,2.645669291
SOL,4/22/21,32.59,41.06,31.54,38.9,19.36176741
SOL,4/23/21,38.9,41.67,31.55,37.28,-4.164524422
SOL,4/24/21,37.28,43.57,34.66,40.9,9.710300429
SOL,4/25/21,40.9,48.63,40.47,47.44,15.99022005
SOL,4/26/21,47.44,48.51,43.34,43.85,-7.567453626
SOL,4/27/21,43.85,46.64,42.59,43.21,-1.459521095
SOL,4/28/21,43.21,46.98,40.61,44.87,3.841703309
SOL,4/29/21,44.87,46.17,40.95,42.5,-5.281925563
SOL,4/30/21,42.5,44.3,41.24,42.89,0.917647059
SOL,5/1/21,42.89,49.87,42.05,49.56,15.55141059
SOL,5/2/21,49.56,49.96,45.92,46.91,-5.347054076
SOL,5/3/21,46.91,49.02,44.83,45.96,-2.025154551
SOL,5/4/21,45.96,47.86,42.36,42.69,-7.114882507
SOL,5/5/21,42.69,46.04,42.35,45.02,5.457952682
SOL,5/6/21,45.02,45.02,42.63,43.52,-3.33185251
SOL,5/7/21,43.52,46.26,41.48,43.2,-0.735294118
SOL,5/8/21,43.2,46.65,42.36,45.72,5.833333333
SOL,5/9/21,45.72,47.14,42.78,44.38,-2.93088364
SOL,5/10/21,44.38,45.9,39.44,42.91,-3.312302839
SOL,5/11/21,42.91,45.17,39.81,44.64,4.031694244
SOL,5/12/21,44.64,49.18,42.65,43.11,-3.427419355
SOL,5/13/21,43.11,45.43,37.54,40.97,-4.964045465
SOL,5/14/21,40.97,44.9,39.97,42.75,4.344642421
SOL,5/15/21,42.75,45.44,39.38,43.48,1.707602339
SOL,5/16/21,43.48,52.34,41.74,46.82,7.681692732
SOL,5/17/21,46.82,51.93,43.38,46.65,-0.363092695
SOL,5/18/21,46.65,58.29,46.14,56.08,20.21436227
SOL,5/19/21,56.08,57.72,27.54,35.09,-37.42867332
SOL,5/20/21,35.09,52.23,32.25,44.46,26.70276432
SOL,5/21/21,44.46,47.78,33.76,38.97,-12.34817814
SOL,5/22/21,38.97,40.06,31.21,31.32,-19.63048499
SOL,5/23/21,31.32,32.45,19.23,24.61,-21.42401022
SOL,5/24/21,24.61,32.16,24.5,31.37,27.46850874
SOL,5/25/21,31.37,33.19,26.01,30.06,-4.175964297
SOL,5/26/21,30.06,37.27,28.9,35.46,17.96407186
SOL,5/27/21,35.46,35.6,31.06,33.67,-5.047941342
SOL,5/28/21,33.67,34.53,28.02,28.99,-13.8996139
SOL,5/29/21,28.99,30.05,25.74,27.38,-5.553639186
SOL,5/30/21,27.38,29.76,25.6,28.57,4.34623813
SOL,5/31/21,28.57,33,27.52,32.79,14.77073854
SOL,6/1/21,32.79,33.27,29.9,30.96,-5.580969808
SOL,6/2/21,30.96,35,30.4,33.99,9.786821705
SOL,6/3/21,33.99,41.32,33.74,39.6,16.50485437
SOL,6/4/21,39.6,39.76,34.25,37.4,-5.555555556
SOL,6/5/21,37.4,42.7,37.02,39.64,5.989304813
SOL,6/6/21,39.64,43.37,38.95,42.2,6.458123108
SOL,6/7/21,42.2,44.15,37.87,38.25,-9.360189573
SOL,6/8/21,38.25,42.62,33.69,41.28,7.921568627
SOL,6/9/21,41.28,43.98,39.3,42.03,1.816860465
SOL,6/10/21,42.03,43.07,39.49,41.1,-2.212705211
SOL,6/11/21,41.1,41.36,35.11,36.19,-11.94647202
SOL,6/12/21,36.19,37.62,34.16,36.49,0.828958276
SOL,6/13/21,36.49,39.39,34.73,38.7,6.056453823
SOL,6/14/21,38.7,40.53,36.66,39.66,2.480620155
SOL,6/15/21,39.66,41.73,39.19,39.54,-0.302571861
SOL,6/16/21,39.54,41.63,37.49,39.7,0.404653515
SOL,6/17/21,39.7,41.25,38.21,39.24,-1.158690176
SOL,6/18/21,39.24,39.51,34.95,36.83,-6.141692151
SOL,6/19/21,36.83,37.35,34.95,35.23,-4.344284551
SOL,6/20/21,35.23,35.97,31.35,35.29,0.170309395
SOL,6/21/21,35.29,35.52,25.98,26.63,-24.53952961
SOL,6/22/21,26.63,28.81,20.24,26.97,1.276755539
SOL,6/23/21,26.97,32.86,25.65,30.82,14.2751205
SOL,6/24/21,30.82,32.98,28.49,31.17,1.135626217
SOL,6/25/21,31.17,32.97,27.96,28.64,-8.116778954
SOL,6/26/21,28.64,30.17,26.7,29.74,3.840782123
SOL,6/27/21,29.74,31.97,29.23,31.92,7.330195024
SOL,6/28/21,31.92,34.29,30.98,33,3.383458647
SOL,6/29/21,33,35.82,32.68,33.96,2.909090909
SOL,6/30/21,33.96,35.98,31.56,35.52,4.593639576
SOL,7/1/21,35.52,35.57,32.19,33.3,-6.25
SOL,7/2/21,33.3,34.2,31.37,34,2.102102102
SOL,7/3/21,34,35.39,33.22,34.5,1.470588235
SOL,7/4/21,34.5,35.51,33.55,34.29,-0.608695652
SOL,7/5/21,34.29,34.47,32.39,32.91,-4.024496938
SOL,7/6/21,32.91,35.03,32.89,34.23,4.010938924
SOL,7/7/21,34.23,38.09,33.82,36.67,7.128250073
SOL,7/8/21,36.67,36.91,32.67,33.15,-9.599127352
SOL,7/9/21,33.15,34.42,31.96,33.29,0.422322775
SOL,7/10/21,33.29,34.19,31.05,31.7,-4.776209072
SOL,7/11/21,31.7,32.56,31.33,32.16,1.451104101
SOL,7/12/21,32.16,32.67,30.03,30.77,-4.322139303
SOL,7/13/21,30.77,31.07,28.84,29.14,-5.297367566
SOL,7/14/21,29.14,31.48,27.41,31.36,7.61839396
SOL,7/15/21,31.36,31.48,27.99,28.54,-8.992346939
SOL,7/16/21,28.54,29.49,26.23,26.31,-7.813594954
SOL,7/17/21,26.31,27.84,26.02,26.81,1.900418092
SOL,7/18/21,26.81,27.77,26.27,26.7,-0.410294666
SOL,7/19/21,26.7,26.71,23.99,24.51,-8.202247191
SOL,7/20/21,24.51,24.98,22.11,23.46,-4.283965728
SOL,7/21/21,23.46,27.45,22.83,26.65,13.59761296
SOL,7/22/21,26.63,28.18,25.94,27.71,3.977485929
SOL,7/23/21,27.71,28.7,26.41,28.51,2.887044388
SOL,7/24/21,28.51,29.49,28.04,28.65,0.49105577
SOL,7/25/21,28.66,28.91,26.55,28.25,-1.396160558
SOL,7/26/21,28.25,31.09,27.86,28.19,-0.212389381
SOL,7/27/21,28.19,28.94,26.93,28.11,-0.283788578
SOL,7/28/21,28.11,28.74,27.39,27.87,-0.853788687
SOL,7/29/21,27.87,31.86,27.34,31.26,12.16361679
SOL,7/30/21,31.26,33.07,29.93,32.34,3.454894434
SOL,7/31/21,32.34,36.96,31.67,36.72,13.54359926
SOL,8/1/21,36.72,36.84,33.31,34.2,-6.862745098
SOL,8/2/21,34.2,35.92,33.01,33.17,-3.011695906
SOL,8/3/21,33.17,35.86,32.34,34.11,2.833886042
SOL,8/4/21,34.11,36.64,33.27,35.78,4.895924949
SOL,8/5/21,35.78,38.23,35.52,37.36,4.41587479
SOL,8/6/21,37.36,40.36,35.65,39.52,5.781584582
SOL,8/7/21,39.52,40.46,37.54,39.44,-0.20242915
SOL,8/8/21,39.44,39.52,36.94,37.69,-4.437119675
SOL,8/9/21,37.69,39.94,36.4,38.71,2.70628814
SOL,8/10/21,38.71,41.64,38.22,40.64,4.985791785
SOL,8/11/21,40.68,43.76,40.63,41.66,2.50984252
SOL,8/12/21,41.6,41.87,39.34,41.09,-1.368218915
SOL,8/13/21,41.09,44.95,40.71,44.89,9.247992212
SOL,8/14/21,44.83,44.88,42.85,44.14,-1.670750724
SOL,8/15/21,44.16,54.75,43.42,53.53,21.27322157
SOL,8/16/21,53.54,69.1,52.32,62.06,15.93498973
SOL,8/17/21,62.15,75,58.81,64.18,3.416048985
SOL,8/18/21,64.18,80.52,59.98,72.79,13.4153942
SOL,8/19/21,72.79,75.34,68.39,72.82,0.041214453
SOL,8/20/21,72.78,79.96,70.92,78.6,7.937379841
SOL,8/21/21,78.6,82.03,72.7,73.89,-5.992366412
SOL,8/22/21,73.89,77.66,71.36,72.8,-1.475165787
SOL,8/23/21,72.8,76.71,71.63,75.69,3.96978022
SOL,8/24/21,75.69,79.38,68.7,70.58,-6.75122209
SOL,8/25/21,70.58,72.79,66.11,71.96,1.95522811
SOL,8/26/21,71.94,78.29,66.28,74.85,4.016120067
SOL,8/27/21,74.87,88.98,72.7,88.1,17.70207081
SOL,8/28/21,88.1,97.9,85.7,96.25,9.250851305
SOL,8/29/21,96.25,97.89,90.51,94.29,-2.036363636
SOL,8/30/21,94.29,116.61,93.63,110.23,16.90529218
SOL,8/31/21,110.23,130.06,103.11,108.28,-1.769028395
SOL,9/1/21,108.28,119.68,105.94,110.74,2.271887699
SOL,9/2/21,110.73,132.08,109.37,128.29,15.84793209
SOL,9/3/21,128.22,148.93,128.17,146.36,14.08527555
SOL,9/4/21,146.36,150.55,135.86,138.89,-5.103853512
SOL,9/5/21,138.89,144.94,134.86,142.01,2.246382029
SOL,9/6/21,142.01,166.04,137.58,164.24,15.6538272
SOL,9/7/21,164.24,195.07,136.79,173.22,5.467608378
SOL,9/8/21,173.2,197.94,146.72,191.01,10.27017665
SOL,9/9/21,191.01,215.85,179.4,187.7,-1.732893566
SOL,9/10/21,187.7,197.27,168.1,179.5,-4.368673415
SOL,9/11/21,179.5,193.33,174.55,179.1,-0.222841226
SOL,9/12/21,179.1,181.57,167.49,174.4,-2.624232272
SOL,9/13/21,174.4,174.96,150.49,169.66,-2.717889908
SOL,9/14/21,169.66,171.84,142.51,158.92,-6.330307674
SOL,9/15/21,158.92,166.95,153.95,158.66,-0.163604329
SOL,9/16/21,158.66,163.09,147.43,152.11,-4.12832472
SOL,9/17/21,152.11,153.4,134.25,147.49,-3.037275656
SOL,9/18/21,147.49,171.55,144.27,169.36,14.82812394
SOL,9/19/21,169.36,170.98,150.73,152.86,-9.742560227
SOL,9/20/21,152.86,153.41,130.49,132.08,-13.59413843
SOL,9/21/21,132.08,144.61,116.01,124.04,-6.087219867
SOL,9/22/21,124.04,151.98,122.14,148.18,19.46146404
SOL,9/23/21,148.18,152.44,143.03,150,1.228235929
SOL,9/24/21,150,151.29,128.52,139.28,-7.146666667
SOL,9/25/21,139.28,144.07,133.58,136.16,-2.240091901
SOL,9/26/21,136.16,140.82,124.9,135.84,-0.235017626
SOL,9/27/21,135.84,148.96,133.81,136.35,0.375441696
SOL,9/28/21,136.35,139.41,128.14,132.21,-3.03630363
SOL,9/29/21,132.21,140.12,131.13,135.3,2.337190833
SOL,9/30/21,135.3,142.94,134.11,141.32,4.449371766
SOL,10/1/21,141.32,165,138.31,161.67,14.39994339
SOL,10/2/21,161.67,175.03,156.24,168.99,4.527741696
SOL,10/3/21,168.99,177.73,165.63,173.06,2.408426534
SOL,10/4/21,173.06,173.11,162.29,167.21,-3.380330521
SOL,10/5/21,167.21,170.2,159.92,164.63,-1.542969918
SOL,10/6/21,164.63,165.48,150.33,153.92,-6.505497175
SOL,10/7/21,153.93,161.52,150.32,154.35,0.279365904
SOL,10/8/21,154.29,168.88,152.44,158.83,2.902494331
SOL,10/9/21,158.83,161.56,154.42,156.82,-1.265503998
SOL,10/10/21,156.82,158.49,145.84,147.67,-5.83471496
SOL,10/11/21,147.67,154,140.31,144.92,-1.862260446
SOL,10/12/21,144.92,153.44,137.7,152.43,5.182169473
SOL,10/13/21,152.43,155.52,144.37,148.06,-2.86688972
SOL,10/14/21,148.06,155.65,147.35,150.01,1.317033635
SOL,10/15/21,150.01,165.26,146.76,163.17,8.772748483
SOL,10/16/21,163.17,164.76,156.63,157.56,-3.43813201
SOL,10/17/21,157.56,167.47,153.39,160.04,1.574003554
SOL,10/18/21,160.04,162.92,154.97,157.15,-1.80579855
SOL,10/19/21,157.15,159.38,153.22,155.89,-0.801781737
SOL,10/20/21,155.89,176.89,155.16,176.81,13.41971903
SOL,10/21/21,176.81,194.17,176.76,190.25,7.601380012
SOL,10/22/21,190.25,215,188.1,196.22,3.137976347
SOL,10/23/21,196.22,205.67,192.09,197.73,0.769544389
SOL,10/24/21,197.73,204.89,185.34,202.3,2.311232489
SOL,10/25/21,202.3,218.93,198.19,209.85,3.732081068
SOL,10/26/21,209.85,214.04,196.52,199.72,-4.827257565
SOL,10/27/21,199.72,205.56,179.66,184.52,-7.610654917
SOL,10/28/21,184.52,201.53,181.77,194.85,5.598309126
SOL,10/29/21,194.85,205.23,194.71,200.41,2.853477034
SOL,10/30/21,200.41,200.63,187.51,195.91,-2.245396936
SOL,10/31/21,195.91,205.14,185.67,202.66,3.44545965
SOL,11/1/21,202.66,211.66,198.05,203.51,0.419421692
SOL,11/2/21,203.51,222.35,201.16,221.14,8.662964965
SOL,11/3/21,221.14,246.51,216.07,243.02,9.894184679
SOL,11/4/21,243.02,250.48,234.52,247.17,1.70767838
SOL,11/5/21,247.17,248.41,230.68,236.34,-4.381599709
SOL,11/6/21,236.34,259.95,235.04,258.63,9.431327748
SOL,11/7/21,258.63,258.81,245.9,249.76,-3.429609867
SOL,11/8/21,249.76,253.3,240.76,248.35,-0.56454196
SOL,11/9/21,248.35,253.17,237.5,239.03,-3.752768271
SOL,11/10/21,239.03,248.09,218.64,233.62,-2.263314228
SOL,11/11/21,233.62,246.46,229.6,233.51,-0.04708501
SOL,11/12/21,233.51,239,220.98,228.64,-2.085563787
SOL,11/13/21,228.64,241.92,224.99,241.66,5.694541638
SOL,11/14/21,241.66,241.94,230.47,238.71,-1.22072333
SOL,11/15/21,238.71,246.33,234.5,238.17,-0.226215911
SOL,11/16/21,238.17,238.17,214.88,219.09,-8.011084519
SOL,11/17/21,219.09,222.24,209.95,218.95,-0.06390068
SOL,11/18/21,218.95,222.78,186.78,195.24,-10.82895638
SOL,11/19/21,195.24,219.74,189.18,215.39,10.32063102
SOL,11/20/21,215.39,221.28,206.17,217.89,1.160685269
SOL,11/21/21,217.89,235.71,210.44,230.56,5.81486071
SOL,11/22/21,230.56,232.18,211.75,215.78,-6.410478834
SOL,11/23/21,215.78,226.17,211.04,221.94,2.854759477
SOL,11/24/21,221.94,222.31,200.215,205.163,-7.559250248
SOL,11/25/21,205.277,216.438,202.09,209.982,2.348864074
SOL,11/26/21,209.95,212.01,182.917,193.89,-7.663514015
SOL,11/27/21,193.865,199.44,190.78,194.848,0.49409459
SOL,11/28/21,194.59,201.97,181.155,196.008,0.595335852
SOL,11/29/21,195.97,212.89,195.97,204.655,4.41155463
SOL,11/30/21,204.663,218.477,199.8,210.26,2.738755467
SOL,12/1/21,210.27,232.435,207.977,226,7.485969752
SOL,12/2/21,225.955,243.22,220.238,238.167,5.383628319
SOL,12/3/21,238.275,239.598,205.098,210.697,-11.53392368
SOL,12/4/21,210.702,213.857,171.122,203.78,-3.282913378
SOL,12/5/21,203.77,204.945,181.617,190.79,-6.374521543
SOL,12/6/21,190.798,198.148,176.44,196.533,3.010115834
SOL,12/7/21,196.518,204.27,188.863,189.55,-3.553092865
SOL,12/8/21,189.6,196.45,183.848,193.22,1.9361646
SOL,12/9/21,193.245,196.792,178.762,183.345,-5.11075458
SOL,12/10/21,183.378,184.495,169.9,171.152,-6.650304072
SOL,12/11/21,171.17,173.765,161.428,170.58,-0.334205852
SOL,12/12/21,170.545,176.863,167.775,174.312,2.187829757
SOL,12/13/21,174.26,174.945,148,157.19,-9.822616917
SOL,12/14/21,157.01,163.08,149.69,158.96,1.126025829
SOL,12/15/21,158.96,182.613,156.928,176.226,10.86185204
SOL,12/16/21,176.296,189.085,174.537,180.774,2.580776957
SOL,12/17/21,180.744,182.463,168.177,177.541,-1.788420901
SOL,12/18/21,177.541,184.274,171.088,182.823,2.975087445
SOL,12/19/21,182.763,189.177,178.523,183.273,0.246139709
SOL,12/20/21,183.183,183.603,168.551,173.152,-5.522362814
SOL,12/21/21,173.079,182.405,170.341,181.473,4.805604325
SOL,12/22/21,181.503,187.615,177.503,181.501,0.015429293
SOL,12/23/21,181.483,193.547,175.743,190.065,4.718431303
SOL,12/24/21,190.016,197.539,184.461,190.924,0.451950648
SOL,12/25/21,190.754,195.097,188.274,191.436,0.268169533
SOL,12/26/21,191.436,200.65,190.365,198.979,3.94022023
SOL,12/27/21,198.969,204.842,194.908,198.65,-0.165344082
SOL,12/28/21,198.63,198.63,176.348,179.456,-9.662219985
SOL,12/29/21,179.466,180.636,170.76,174.625,-2.692024786
SOL,12/30/21,174.605,175.765,168.227,171.704,-1.672727273
SOL,12/31/21,171.794,177.668,167.727,170.247,-0.848553324
SOL,1/1/22,170.197,179.226,169.847,177.296,4.140454751
SOL,1/2/22,177.285,179.536,174.387,176.835,-0.260017146
SOL,1/3/22,176.995,177.125,166.667,170.097,-3.810331665
SOL,1/4/22,170.077,173.9,166.497,168.923,-0.690194418
SOL,1/5/22,168.843,171.293,144.986,151.425,-10.35856574
SOL,1/6/22,151.535,156.114,146.235,151.965,0.356612184
SOL,1/7/22,152.015,152.075,133.96,136.786,-9.98848419
SOL,1/8/22,136.806,148.055,133.053,144.26,5.464009475
SOL,1/9/22,144.26,145.7,137.86,141.43,-1.961735755
SOL,1/10/22,141.54,143.74,130.21,134.98,-4.560559994
SOL,1/11/22,134.91,143.499,133.59,140.264,3.914654023
SOL,1/12/22,140.272,153.331,138.268,152.171,8.488992186
SOL,1/13/22,152.171,157.853,145.588,146.729,-3.576239888
SOL,1/14/22,146.689,150.635,142.097,147.014,0.194235632
SOL,1/15/22,146.974,149.555,143.972,148.554,1.047519284
SOL,1/16/22,148.574,152.021,146.163,147.879,-0.454380225
SOL,1/17/22,147.889,148.439,137.061,139.166,-5.891979253
SOL,1/18/22,139.176,141.877,134.49,140.912,1.254616789
SOL,1/19/22,140.912,142.767,132.84,137.061,-2.732911321
SOL,1/20/22,137.071,143.863,130.363,132.076,-3.637066708
SOL,1/21/22,132.046,132.056,106.352,110.373,-16.4322057
SOL,1/22/22,110.322,113.863,88.5966,93.278,-15.48838937
SOL,1/23/22,93.248,104.851,92.9779,96.1092,3.035228028
SOL,1/24/22,96.1292,101.86,80.9143,92.2177,-4.04904005
SOL,1/25/22,92.1576,99.99,87.4962,93.5167,1.40862329
SOL,1/26/22,93.5668,104.282,89.3046,91.795,-1.841061543
SOL,1/27/22,91.8051,94.6278,85.7714,88.4642,-3.628520072
SOL,1/28/22,88.4354,93.5487,87.2574,90.3581,2.140866023
SOL,1/29/22,90.4181,98.9597,90.4181,95.4186,5.600494034
SOL,1/30/22,95.4086,97.6193,91.4357,92.9672,-2.569100783
SOL,1/31/22,92.9572,101.411,89.2857,99.95,7.51103615
SOL,2/1/22,99.95,113.597,99.0294,109.966,10.02101051
SOL,2/2/22,109.836,112.397,97.0388,101.291,-7.888801993
SOL,2/3/22,101.281,103.172,94.1076,100.65,-0.632830163
SOL,2/4/22,100.65,111.325,100.04,110.058,9.347242921
SOL,2/5/22,110.068,118.671,109.977,114.809,4.31681477
SOL,2/6/22,114.829,116.12,111.236,112.835,-1.719377401
SOL,2/7/22,112.825,122.03,112.496,118.163,4.721939115
SOL,2/8/22,118.163,120.424,109.828,113.172,-4.223826409
SOL,2/9/22,113.222,117.144,109.497,115.087,1.692114657
SOL,2/10/22,115.087,115.391,105.845,108.126,-6.048467681
SOL,2/11/22,108.176,108.516,95.2681,95.6187,-11.56733811
SOL,2/12/22,95.5387,99.8399,93.2766,96.1981,0.605948418
SOL,2/13/22,96.2081,97.4084,91.4348,93.8663,-2.423956398
SOL,2/14/22,93.8163,97.9687,90.8245,96.8984,3.230232789
SOL,2/15/22,96.8784,103.772,96.2281,102.712,5.999686269
SOL,2/16/22,102.702,105.793,98.339,102.621,-0.088597243
SOL,2/17/22,102.661,103.172,92.4347,94.1559,-8.248896425
SOL,2/18/22,94.1158,96.4275,89.4225,89.9039,-4.515914563
SOL,2/19/22,89.9039,92.7964,88.7043,90.7053,0.891396258
SOL,2/20/22,90.7053,93.997,85.7729,93.0565,2.59213078
SOL,2/21/22,93.0665,96.1881,84.2421,85.2826,-8.353957005
SOL,2/22/22,85.2926,87.565,81.0924,85.1225,-0.187728798
SOL,2/23/22,85.1425,93.456,84.9709,86.632,1.773326676
SOL,2/24/22,86.632,92.7263,75.7178,87.2249,0.68438914
SOL,2/25/22,87.1548,95.0375,86.8861,94.8474,8.738903685
SOL,2/26/22,94.7674,95.018,89.2757,90.7563,-4.313349654
SOL,2/27/22,90.7163,92.2269,84.2221,85.5127,-5.777670531
SOL,2/28/22,85.4542,102.641,84.2137,98.1993,14.83592496
SOL,3/1/22,98.4193,102.041,94.3677,98.0094,-0.193382234
SOL,3/2/22,97.9294,106.452,96.8094,101.09,3.1431679
SOL,3/3/22,101.09,101.721,94.0788,95.7391,-5.293204076
SOL,3/4/22,95.8087,96.2189,87.0174,88.4565,-7.606714498
SOL,3/5/22,88.4665,91.2382,86.0172,90.077,1.831973908
SOL,3/6/22,90.087,90.107,84.9255,85.7657,-4.78623844
SOL,3/7/22,85.7457,86.726,79.956,82.2647,-4.082051449
SOL,3/8/22,82.2747,85.027,81.3244,81.7663,-0.605849167
SOL,3/9/22,81.7464,89.928,81.7464,87.8788,7.475573678
SOL,3/10/22,87.9476,88.8389,80.7923,83.4534,-5.035799305
SOL,3/11/22,83.4134,84.3237,80.086,81.1362,-2.776639418
SOL,3/12/22,81.1962,82.7665,80.5861,81.8682,0.902186693
SOL,3/13/22,81.8682,83.2383,77.6755,78.3435,-4.305334672
SOL,3/14/22,78.2957,82.2965,77.7756,80.8062,3.143464359
SOL,3/15/22,80.8162,85.9886,78.8479,83.335,3.129462838
SOL,3/16/22,83.335,86.9474,81.5545,85.9558,3.144897102
SOL,3/17/22,85.9558,91.0064,85.8757,88.5142,2.976413459
SOL,3/18/22,88.5242,92.3061,84.4606,88.9344,0.474726089
SOL,3/19/22,88.9445,94.6067,88.9445,92.487,3.99462975
SOL,3/20/22,92.4462,93.0272,87.9339,89.4358,-3.299058246
SOL,3/21/22,89.4858,91.2965,86.8947,88.7555,-0.760657365
SOL,3/22/22,88.7455,94.027,88.054,91.5458,3.143805173
SOL,3/23/22,91.5458,96.3685,89.2946,94.3777,3.093424275
SOL,3/24/22,94.3577,103.752,93.5174,102.421,8.522458165
SOL,3/25/22,102.411,104.902,97.1488,98.049,-4.268655842
SOL,3/26/22,98.0592,103.412,97.6788,101.401,3.418698814
SOL,3/27/22,101.401,105.672,98.9195,105.322,3.866825771
SOL,3/28/22,105.322,113.904,104.831,110.294,4.720761095
SOL,3/29/22,110.446,115.726,105.492,111.176,0.799680853
SOL,3/30/22,111.164,125.258,107.253,120.206,8.122256602
SOL,3/31/22,120.226,129.529,119.134,124.415,3.50148911
SOL,4/1/22,124.477,137.941,117.485,137.785,10.74629265
SOL,4/2/22,137.795,143.553,133.103,136.515,-0.921725877
SOL,4/3/22,136.485,141.146,130.649,137.525,0.739845438
SOL,4/4/22,137.671,139.506,125.895,131.376,-4.471187057
SOL,4/5/22,131.409,136.551,128.773,129.896,-1.126537572
SOL,4/6/22,129.883,130.396,114.521,117.24,-9.743179159
SOL,4/7/22,117.25,119.002,110.88,117.312,0.061412487
SOL,4/8/22,117.362,122.435,111.604,111.835,-4.66874659
SOL,4/9/22,111.835,112.285,108.172,110.283,-1.387758752
SOL,4/10/22,110.293,116.065,109.802,112.753,2.239692428
SOL,4/11/22,112.762,113.711,98.2997,98.5996,-12.55257066
SOL,4/12/22,98.5596,109.252,98.2695,103.031,4.494338719
SOL,4/13/22,103.021,106.042,100.11,104.611,1.533519038
SOL,4/14/22,104.591,107.732,98.7998,100.76,-3.681257229
SOL,4/15/22,100.75,102.921,99.5799,101.12,0.357284637
SOL,4/16/22,101.13,103.501,100.58,102.11,0.97903481
SOL,4/17/22,102.24,105.451,101.06,102.801,0.676721183
SOL,4/18/22,102.72,103.171,94.7189,101.771,-1.001935779
SOL,4/19/22,101.73,108.511,101.08,107.091,5.22742235
SOL,4/20/22,107.101,110.862,104.29,107.121,0.028013559
SOL,4/21/22,107.131,109.992,101.74,101.76,-5.004620943
SOL,4/22/22,101.78,103.561,99.2498,101.01,-0.737028302
SOL,4/23/22,101.01,102.921,98.3397,102.22,1.197901198
SOL,4/24/22,102.2,102.3,98.6897,100.04,-2.132655058
SOL,4/25/22,100.06,100.89,94.5089,100.22,0.179928029
SOL,4/26/22,100.2,102,95.6096,97.2697,-2.943823588
SOL,4/27/22,97.2697,100.76,94.75,98.4198,1.182382592
SOL,4/28/22,98.4398,100.55,96.3396,98.08,-0.345255731
SOL,4/29/22,98.08,98.6799,92.35,93.8394,-4.323613377
SOL,4/30/22,93.8394,94.9595,90,90,-4.091458385
SOL,5/1/22,90,93.09,81.9182,88.85,-1.277777778
SOL,5/2/22,88.85,90.8391,85.1,87.8488,-1.126842994
SOL,5/3/22,87.8388,88.8,84.6431,86.3014,-1.761435557
SOL,5/4/22,86.3014,92.42,85.3615,91.77,6.336629533
SOL,5/5/22,91.8,95.2205,81.3237,84.4631,-7.962188079
SOL,5/6/22,84.4731,84.9115,79.984,81.8918,-3.044287979
SOL,5/7/22,81.8918,82.3218,79.0442,79.0442,-3.477271229
SOL,5/8/22,78.9521,79.842,73.6605,76.4271,-3.310932364
SOL,5/9/22,76.4171,77.1768,62.9111,65.9668,-13.68663733
SOL,5/10/22,66.0468,73.9852,60.4219,63.8345,-3.232383563
SOL,5/11/22,63.7145,68.4058,43.1212,46.6966,-26.84739443
SOL,5/12/22,46.587,54.0059,35.5612,42.475,-9.040486888
SOL,5/13/22,42.4551,56.0495,42.0803,51.0531,20.1956445
SOL,5/14/22,51.0531,53.7185,45.7836,50.9086,-0.28303864
SOL,5/15/22,50.9386,57.9204,49.5855,57.3853,12.72221196
SOL,5/16/22,57.3953,59.2229,51.8821,54.8686,-4.38561792
SOL,5/17/22,54.9085,58.146,53.1109,56.4266,2.839511123
SOL,5/18/22,56.4166,57.7806,49.6654,50.8238,-9.929359557
SOL,5/19/22,50.9437,54.0413,48.2018,51.8081,1.936691078
SOL,5/20/22,51.7981,53.5271,47.7626,49.6603,-4.145683783
SOL,5/21/22,49.6803,51.1434,48.3719,49.4756,-0.371926871
SOL,5/22/22,49.4756,52.8212,49.3957,51.638,4.370639265
SOL,5/23/22,51.638,54.6253,49.9001,50.1997,-2.785351873
SOL,5/24/22,50.1947,50.7941,47.1181,49.6454,-1.104189866
SOL,5/25/22,49.6454,50.4893,47.5177,48.6715,-1.961712465
SOL,5/26/22,48.6815,48.8362,41.6541,44.3256,-8.929044718
SOL,5/27/22,44.3012,44.7852,39.966,41.5584,-6.242893497
SOL,5/28/22,41.4822,44.6917,40.28,43.8786,5.582986833
SOL,5/29/22,43.8786,45.5821,41.7424,44.5809,1.600552433
SOL,5/30/22,44.5909,48.2962,44.2231,47.3821,6.283408365
SOL,5/31/22,47.4268,48.1914,44.5643,45.5535,-3.859263308
SOL,6/1/22,45.6049,46.1554,39.7362,40.3337,-11.4586146
SOL,6/2/22,40.3437,41.1729,38.0957,40.7733,1.089907447
SOL,6/3/22,40.7933,41.5925,37.6446,38.7363,-4.995916445
SOL,6/4/22,38.7263,39.4688,35.7239,38.6706,-0.169608352
SOL,6/5/22,38.6706,40.175,37.8293,39.5831,2.359673757
SOL,6/6/22,39.6127,44.7697,38.304,43.0034,8.64080883
SOL,6/7/22,43.0355,43.1837,37.5019,40.3673,-6.12998042
SOL,6/8/22,40.3877,40.8867,38.2855,39.2245,-2.831004303
SOL,6/9/22,39.2345,41.9127,38.4596,39.9264,1.789442823
SOL,6/10/22,39.9164,40.8669,36.963,37.8016,-5.321792097
SOL,6/11/22,37.8115,37.9617,33.1588,34.3511,-9.127920511
SOL,6/12/22,34.3511,34.6408,31.0362,31.9606,-6.959020235
SOL,6/13/22,31.9506,32.1407,26.0048,28.0909,-12.10772013
SOL,6/14/22,28.0709,31.3398,25.8414,28.2461,0.552492088
SOL,6/15/22,28.2261,33.4831,26.7518,33.0404,16.97331667
SOL,6/16/22,33.0504,34.7847,30.0339,31.7886,-3.788695052
SOL,6/17/22,30.2579,32.096,29.229,31.2425,-1.717911453
SOL,6/18/22,31.2624,31.5824,27.1398,29.2326,-6.433223974
SOL,6/19/22,29.2625,34.8981,28.694,34.3852,17.62621183
SOL,6/20/22,34.4052,36.7632,31.6919,34.472,0.252434187
SOL,6/21/22,34.522,39.1208,33.7628,36.2601,5.187108378
SOL,6/22/22,36.2501,36.8331,33.633,34.7652,-4.122713396
SOL,6/23/22,34.7952,38.3916,33.8961,37.2927,7.270201236
SOL,6/24/22,37.2827,42.2666,37.2127,41.9173,12.40081839
SOL,6/25/22,42.3376,42.8771,39.7385,42.1405,0.532477044
SOL,6/26/22,42.2504,42.5796,39.5866,40.8047,-3.169872213
SOL,6/27/22,40.8151,41.2136,37.8751,38.4458,-5.780951704
SOL,6/28/22,38.4557,39.8641,35.5933,36.0752,-6.166083161
SOL,6/29/22,36.0752,36.1052,33.065,34.1586,-5.312791059
SOL,6/30/22,34.1607,34.3976,30.8775,31.8169,-6.855374635
SOL,7/1/22,31.8417,35.3475,31.6719,32.9537,3.572943939
SOL,7/2/22,32.9437,34.1056,31.8449,33.9899,3.144411705
SOL,7/3/22,33.8172,33.8706,32.1455,33.2616,-2.14269533
SOL,7/4/22,33.2575,36.7733,32.4125,35.9012,7.935878009
SOL,7/5/22,35.9268,36.9256,33.0936,35.9904,0.248459662
SOL,7/6/22,36.0103,36.7295,34.7782,36.2101,0.610440562
SOL,7/7/22,36.2101,39.2386,36.1802,38.5269,6.398214863
SOL,7/8/22,38.5269,39.6522,36.4481,38.387,-0.363122909
SOL,7/9/22,38.357,38.9666,37.7536,38.307,-0.208403887
SOL,7/10/22,38.3078,38.4764,36.2433,37.1838,-2.932101183
SOL,7/11/22,37.1733,37.1777,34.456,34.6167,-6.903812951
SOL,7/12/22,34.6171,34.6255,32.6915,32.8444,-5.119783226
SOL,7/13/22,32.8432,34.3928,31.8658,34.0589,3.697738427
SOL,7/14/22,34.0589,37.2262,33.6296,36.5412,7.28825652
SOL,7/15/22,36.5497,39.0396,36.4439,37.9704,3.911201603
SOL,7/16/22,37.9754,40.3876,36.3591,39.2861,3.465067526
SOL,7/17/22,39.3089,41.0391,38.3248,39.253,-0.084253718
SOL,7/18/22,39.2615,42.6428,38.5258,40.3904,2.897612921
SOL,7/19/22,40.387,47.2631,40.2268,45.1654,11.82211615
SOL,7/20/22,46.0127,46.2704,41.3438,43.3781,-3.957232749
SOL,7/21/22,43.3883,44.0271,39.7116,43.3167,-0.14154608
SOL,7/22/22,43.3114,44.314,40.0663,40.8494,-5.695955601
SOL,7/23/22,40.8492,41.8984,38.6635,39.3184,-3.747913066
SOL,7/24/22,39.318,41.5493,39.205,41.483,5.505310491
SOL,7/25/22,41.5446,42.0735,37.3718,38.57,-7.022153653
SOL,7/26/22,38.5703,38.5719,34.7125,35.2703,-8.555094633
SOL,7/27/22,35.2701,40.2678,35.2538,39.5049,12.00613547
SOL,7/28/22,39.5079,44.12,39.0174,43.3787,9.805872183
SOL,7/29/22,43.3741,44.3388,41.1813,41.8248,-3.582172818
SOL,7/30/22,41.8268,46.6383,41.4746,44.8066,7.129263021
SOL,7/31/22,44.8084,45.1627,43.0392,43.6962,-2.478206336
SOL,8/1/22,43.2314,43.2447,40.6302,41.347,-5.376211204
SOL,8/2/22,41.1093,42.4085,39.8607,41.0901,-0.621326819
SOL,8/3/22,41.186,41.3549,37.4703,39.4601,-3.966892268
SOL,8/4/22,39.5252,39.6765,38.0024,38.4793,-2.485548693
SOL,8/5/22,38.2259,41.3156,38.191,40.2735,4.662766734
SOL,8/6/22,40.2715,40.8802,39.8754,40.6968,1.051063354
SOL,8/7/22,40.6959,41.5438,39.2487,41.2994,1.4807061
SOL,8/8/22,41.3004,43.6782,40.51,42.4286,2.734180158
SOL,8/9/22,42.4314,42.7394,39.7579,40.5738,-4.371579548
SOL,8/10/22,40.5755,42.8796,39.1832,42.3392,4.351083704
SOL,8/11/22,42.3413,45.294,41.9835,43.2944,2.256065301
SOL,8/12/22,43.2953,45.0129,42.1738,44.4236,2.608189512
SOL,8/13/22,44.4281,48.3431,44.3564,46.4503,4.562214679
SOL,8/14/22,46.4513,48.0304,44.5127,45.325,-2.422589305
SOL,8/15/22,45.3296,47.2456,43.2962,43.747,-3.481522339
SOL,8/16/22,43.7446,44.2899,42.6493,43.1825,-1.290374197
SOL,8/17/22,43.1782,44.7034,40.2263,40.4364,-6.359289064
SOL,8/18/22,40.5491,41.6548,40.164,40.9959,1.383654331
SOL,8/19/22,41.0012,41.0529,35.2286,36.0963,-11.95143905
SOL,8/20/22,36.1116,37.2364,34.2408,35.0868,-2.796685533
SOL,8/21/22,35.0893,37.0227,34.5842,36.9428,5.289738591
SOL,8/22/22,36.9,36.9119,33.8088,34.5827,-6.388524963
SOL,8/23/22,34.5853,36.1085,34.2799,35.3806,2.307222976
SOL,8/24/22,35.3953,36.3705,34.5144,35.7762,1.118126883
SOL,8/25/22,35.7719,36.4738,34.8868,35.5521,-0.626394083
SOL,8/26/22,35.5581,35.7569,32.3971,32.8188,-7.688153442
SOL,8/27/22,32.8212,32.839,30.8973,31.1788,-4.997135788
SOL,8/28/22,31.1741,32.1824,31.0591,31.568,1.24828409
SOL,8/29/22,31.5656,32.2797,30.0253,31.9731,1.283261531
SOL,8/30/22,31.9835,33.1598,30.6825,31.434,-1.686104882
SOL,8/31/22,31.4551,32.9315,31.3564,32.1604,2.310873576
SOL,9/1/22,32.1708,32.462,30.5034,31.4048,-2.349473265
SOL,9/2/22,31.405,32.3613,30.7913,31.1955,-0.666458631
SOL,9/3/22,31.2036,31.2684,30.8467,31.0452,-0.48180026
SOL,9/4/22,31.0406,32.0023,31.0313,31.7685,2.329828766
SOL,9/5/22,32.021,32.4846,31.1736,32.1292,1.13540142
SOL,9/6/22,32.1304,33.8415,30.5617,31.1909,-2.9203964
SOL,9/7/22,31.1933,32.8246,30.3573,32.5692,4.418917056
SOL,9/8/22,32.5669,33.962,32.05,33.6051,3.180612358
SOL,9/9/22,33.602,35.926,33.3443,34.6017,2.96562129
SOL,9/10/22,34.6121,35.175,34.2852,34.6718,0.202591202
SOL,9/11/22,34.8046,35.9863,34.0732,34.4783,-0.558090437
SOL,9/12/22,34.5184,38.3586,34.4148,37.4347,8.574668705
SOL,9/13/22,37.4363,38.9352,33.4251,33.8609,-9.54675742
SOL,9/14/22,33.8635,34.089,32.7308,34.0083,0.435310343
SOL,9/15/22,34.0885,34.8255,32.4531,33.357,-1.915120721
SOL,9/16/22,33.3401,33.3504,31.5436,32.1669,-3.567766886
SOL,9/17/22,32.167,33.595,32.0567,33.2501,3.367436713
SOL,9/18/22,33.24,33.9843,30.8924,31.3801,-5.624043236
SOL,9/19/22,31.3951,33.0666,30.517,32.7834,4.471942409
SOL,9/20/22,32.7834,32.9767,31.473,31.6641,-3.414227932
SOL,9/21/22,31.6868,33.2933,30.4463,30.7298,-2.950660211
SOL,9/22/22,30.7199,32.6641,30.04,32.1101,4.491731153
SOL,9/23/22,32.1501,33.5383,31.227,33.4967,4.318267461
SOL,9/24/22,33.4697,34.7487,33.2813,33.4661,-0.091352282
SOL,9/25/22,33.4734,34.0464,32.4631,32.517,-2.836004195
SOL,9/26/22,32.1701,33.9333,31.8796,33.3705,2.624780884
SOL,9/27/22,33.3758,35.3999,32.0969,32.6341,-2.206739485
SOL,9/28/22,32.6355,33.8,31.6583,33.288,2.003732292
SOL,9/29/22,33.3017,34.4134,32.6701,33.7691,1.445265561
SOL,9/30/22,33.7601,35.1836,33.1234,33.2901,-1.418456518
SOL,10/1/22,33.2899,33.34,32.3762,32.6667,-1.8726288
SOL,10/2/22,32.6672,33.0032,32.1233,32.4891,-0.543672915
SOL,10/3/22,32.491,33.2633,31.7401,32.9906,1.543594621
SOL,10/4/22,32.9634,34.3904,32.7466,34.0775,3.294574818
SOL,10/5/22,34.0801,34.3735,33.2034,33.7369,-0.999486465
SOL,10/6/22,33.758,34.4961,33.4313,33.4313,-0.905833079
SOL,10/7/22,33.4289,33.7653,32.4495,33.0445,-1.156999578
SOL,10/8/22,33.0623,33.1384,32.3761,32.5084,-1.62235773
SOL,10/9/22,32.4586,33.1265,32.398,32.9367,1.317505629
SOL,10/10/22,32.9406,33.4488,32.27,32.3866,-1.670173393
SOL,10/11/22,32.3972,32.4201,31.077,31.2168,-3.611987674
SOL,10/12/22,31.2156,31.5283,30.4263,31.2008,-0.051254453
SOL,10/13/22,31.1999,31.2796,27.9373,30.6493,-1.767582882
SOL,10/14/22,30.6647,31.9707,29.7413,29.7413,-2.962547269
SOL,10/15/22,29.6512,30.1925,29.5606,29.7219,-0.065229159
SOL,10/16/22,29.72,30.5194,29.4517,29.948,0.760718527
SOL,10/17/22,29.9484,31.2033,29.8382,30.9805,3.44764258
SOL,10/18/22,30.9506,31.4735,29.7508,30.1819,-2.57775052
SOL,10/19/22,30.1928,30.2725,29.5311,29.6416,-1.79014575
SOL,10/20/22,29.6433,29.6602,27.9951,28.2781,-4.599954119
SOL,10/21/22,28.3481,28.3875,26.8491,28.0195,-0.914488597
SOL,10/22/22,28.0204,28.2152,27.4933,28.0104,-0.032477382
SOL,10/23/22,28.0124,29.0167,27.7508,28.8535,3.009953446
SOL,10/24/22,28.8536,29.4735,28.1605,28.4884,-1.265357756
SOL,10/25/22,28.4238,32.2984,28.0562,31.1199,9.237092992
SOL,10/26/22,31.1186,32.006,30.6651,31.2362,0.373715854
SOL,10/27/22,31.2428,32.306,30.4778,30.8519,-1.230303302
SOL,10/28/22,30.8403,32.5366,30.1307,32.0827,3.989381529
SOL,10/29/22,32.0846,33.8402,31.8622,33.0577,3.03902103
SOL,10/30/22,33.0627,33.5466,31.9453,32.723,-1.012472132
SOL,10/31/22,32.7164,34.3799,32.2007,32.609,-0.348378816
SOL,11/1/22,32.6058,33.2124,32.1543,32.3167,-0.8963783
SOL,11/2/22,32.313,32.9234,30.2414,30.5292,-5.531195945
SOL,11/3/22,30.5381,32.2299,30.4939,30.9238,1.29253305
SOL,11/4/22,30.9216,33.976,30.6142,33.9326,9.729722738
SOL,11/5/22,33.9226,38.751,33.6593,37.1009,9.337038718
SOL,11/6/22,36.7741,37.0512,33.2222,33.2472,-10.38707956
SOL,11/7/22,33.2216,33.3124,29.1088,29.3264,-11.79287278
SOL,11/8/22,29.3488,31.7027,20.1627,23.6007,-19.52404659
SOL,11/9/22,23.5606,24.7963,12.5511,13.1068,-44.46435911
SOL,11/10/22,14.1303,20.4138,13.6147,18.0027,37.35389264
SOL,11/11/22,18.0386,19.869,15.1986,16.0393,-10.90614186
SOL,11/12/22,16.0011,16.597,14.7435,14.8831,-7.208544014
SOL,11/13/22,14.8784,14.8947,13.3434,13.6707,-8.146152347
SOL,11/14/22,13.6813,14.9408,12.0794,13.7494,0.575683762
SOL,11/15/22,13.742,15.0255,13.6987,14.234,3.524517433
SOL,11/16/22,14.2228,14.6093,13.6352,14.2681,0.239567233
SOL,11/17/22,14.2681,14.483,12.9394,13.7381,-3.714580077
SOL,11/18/22,13.7296,13.8313,12.9889,13.1188,-4.507901384
SOL,11/19/22,13.1162,13.2636,12.5757,12.8726,-1.876696039
SOL,11/20/22,12.8773,13.5401,12.1099,12.3253,-4.25166633
SOL,11/21/22,12.3302,12.3564,11.2676,11.807,-4.205171477
SOL,11/22/22,11.8081,12.3071,10.9429,12.2402,3.669009909
SOL,11/23/22,12.2531,14.4228,12.2399,14.12,15.3575922
SOL,11/24/22,14.1145,14.9137,13.8395,14.5717,3.199008499
SOL,11/25/22,14.5768,14.6316,13.9072,14.099,-3.243959181
SOL,11/26/22,14.1,14.9214,13.9609,14.0428,-0.39860983
SOL,11/27/22,14.0446,14.4328,14.0279,14.4075,2.597060415
SOL,11/28/22,14.4041,14.4089,12.7798,13.3697,-7.203192782
SOL,11/29/22,13.3694,13.9426,13.1545,13.4079,0.285720697
SOL,11/30/22,13.3996,13.9246,13.2397,13.8947,3.630695336
SOL,12/1/22,13.9024,14.3212,13.4075,13.5068,-2.791711948
SOL,12/2/22,13.5017,13.7936,13.3271,13.7405,1.730239583
SOL,12/3/22,13.7388,13.775,13.2181,13.3173,-3.079946145
SOL,12/4/22,13.3143,13.7539,13.2587,13.6623,2.590615215
SOL,12/5/22,13.6739,14.1726,13.6322,13.9466,2.080908778
SOL,12/6/22,13.8198,14.3751,13.8154,14.0868,1.005262931
SOL,12/7/22,14.0891,14.325,13.448,13.5561,-3.767356674
SOL,12/8/22,13.5571,13.7712,13.2786,13.6809,0.920618762
SOL,12/9/22,13.6864,14.0211,13.5188,13.5603,-0.881520953
SOL,12/10/22,13.5603,13.69,13.5508,13.5896,0.216071916
SOL,12/11/22,13.5868,13.7921,13.4373,13.4846,-0.772649673
SOL,12/12/22,13.4826,13.5207,12.8313,13.3036,-1.342271925
SOL,12/13/22,13.3036,14.12,12.7739,13.7959,3.70050212
SOL,12/14/22,13.8028,14.9279,13.776,14.2001,2.929855972
SOL,12/15/22,14.2009,14.521,13.8765,13.998,-1.423229414
SOL,12/16/22,13.9928,14.1509,12.1683,12.4542,-11.02871839
SOL,12/17/22,12.5034,12.5405,11.9271,12.2717,-1.465369112
SOL,12/18/22,12.5044,12.5346,12.3714,12.4508,1.459455495
SOL,12/19/22,12.4588,12.4591,11.6772,11.7544,-5.593214894
SOL,12/20/22,11.7488,12.4847,11.7488,12.2724,4.40686041
SOL,12/21/22,12.2716,12.3235,11.8978,12.0687,-1.65982204
SOL,12/22/22,12.0704,12.2127,11.6899,11.8191,-2.068159785
SOL,12/23/22,11.8191,12.1007,11.6784,11.7699,-0.416275351
SOL,12/24/22,11.7699,11.7932,11.107,11.4281,-2.904017876
SOL,12/25/22,11.4223,11.5498,11.2442,11.3755,-0.460268986
SOL,12/26/22,11.3684,11.4806,11.0778,11.175,-1.762559887
SOL,12/27/22,11.3136,11.4399,10.7144,11.0136,-1.444295302
SOL,12/28/22,11.0225,11.1629,9.47373,9.71785,-11.76499964
SOL,12/29/22,9.72194,10.7324,8.0864,9.1157,-6.196329435
SOL,12/30/22,9.14688,10.1253,8.8959,9.796,7.462948539
SOL,12/31/22,9.78911,10.1837,9.66946,9.97111,1.787566354
SOL,1/1/23,9.96242,10.0777,9.69567,9.97221,0.011031871
SOL,1/2/23,9.97221,11.8752,9.80917,11.2765,13.07924723
SOL,1/3/23,11.2764,13.8614,11.0164,13.384,18.68930963
SOL,1/4/23,13.3848,14.2283,12.8345,13.5556,1.282127914
SOL,1/5/23,13.5564,13.8476,12.9961,13.4225,-0.981882027
SOL,1/6/23,13.4226,13.5558,12.7221,13.3757,-0.348668281
SOL,1/7/23,13.3777,13.5893,13.0229,13.0507,-2.429779376
SOL,1/8/23,13.0508,13.9272,12.8522,13.7205,5.132291754
SOL,1/9/23,13.6973,17.3864,13.6866,16.3386,19.08166612
SOL,1/10/23,16.3287,16.7213,15.5963,16.2563,-0.503715129
SOL,1/11/23,16.3125,16.3524,15.3188,16.1766,-0.490271464
SOL,1/12/23,16.1901,16.9845,15.5923,16.3714,1.204208548
SOL,1/13/23,16.3706,18.5918,16.3319,18.12,10.68082143
SOL,1/14/23,18.1006,24.4947,18.0418,23.6632,30.59161148
SOL,1/15/23,23.6432,24.9832,22.1639,23.1287,-2.258781568
SOL,1/16/23,23.1311,24.9095,22.3559,23.6504,2.255639098
SOL,1/17/23,23.6725,23.9245,22.8018,23.2022,-1.895105368
SOL,1/18/23,23.1786,23.6236,20.3832,21.1599,-8.802182552
SOL,1/19/23,21.1658,21.8309,20.5706,21.4711,1.470706383
SOL,1/20/23,21.4791,25.6152,20.9845,25.2416,17.5608143
SOL,1/21/23,25.2336,26.5036,24.362,25.1022,-0.552262931
SOL,1/22/23,25.0905,25.4407,23.5575,24.1849,-3.654261379
SOL,1/23/23,24.1688,24.9263,23.7429,24.3776,0.796778155
SOL,1/24/23,24.3706,25.1913,22.3113,23.1124,-5.190010501
SOL,1/25/23,23.1116,25.3846,22.2818,24.1941,4.680171683
SOL,1/26/23,24.1868,25.2068,23.8777,24.3069,0.46622937
SOL,1/27/23,24.3061,24.944,23.3456,24.0907,-0.889459372
SOL,1/28/23,24.1254,25.1928,23.7451,23.9419,-0.617665738
SOL,1/29/23,23.9388,26.7731,23.7264,26.2302,9.557720983
SOL,1/30/23,26.225,26.4755,23.2228,23.7647,-9.399470839
SOL,1/31/23,23.7647,24.453,23.5044,24.0357,1.140346817
SOL,2/1/23,24.0331,25.1413,22.4877,24.9595,3.843449535
SOL,2/2/23,24.9352,26.1416,24.1826,24.6089,-1.404675574
SOL,2/3/23,24.602,25.0608,24.0439,24.717,0.439271971
SOL,2/4/23,24.7176,24.9452,24.3017,24.655,-0.250839503
SOL,2/5/23,24.657,24.6795,23.0621,23.6349,-4.137497465
SOL,2/6/23,23.6149,23.729,22.8191,23.0416,-2.510270828
SOL,2/7/23,23.038,23.8293,22.5115,23.7056,2.881744323
SOL,2/8/23,23.7024,24.2192,22.7927,23.131,-2.423899838
SOL,2/9/23,23.1396,23.3422,20.0049,20.2238,-12.56841468
SOL,2/10/23,20.2221,21.1871,19.6946,20.061,-0.804992138
SOL,2/11/23,20.043,20.9122,19.9533,20.782,3.594038184
SOL,2/12/23,20.783,22.4859,20.6236,21.6002,3.937060918
SOL,2/13/23,21.6031,21.708,19.7606,20.475,-5.209211026
SOL,2/14/23,20.4912,22.3593,20.4264,21.7188,6.074725275
SOL,2/15/23,21.7188,23.9132,21.4611,23.6715,8.990828223
SOL,2/16/23,23.6746,24.1451,22.3363,22.4737,-5.060093361
SOL,2/17/23,22.4595,23.5606,22.0344,23.1523,3.019529494
SOL,2/18/23,23.1494,23.913,22.9403,23.6239,2.036946653
SOL,2/19/23,23.6097,25.6164,23.2145,25.2046,6.691105194
SOL,2/20/23,25.2096,27.0528,24.1557,26.2351,4.088539394
SOL,2/21/23,26.2311,26.6172,24.5209,24.8412,-5.313111061
SOL,2/22/23,24.8341,25.2331,23.2316,24.1003,-2.982545127
SOL,2/23/23,24.1001,24.6835,23.6145,23.8433,-1.066376767
SOL,2/24/23,23.8332,24.1219,22.4827,22.8177,-4.301418008
SOL,2/25/23,22.8189,23.334,21.4311,22.2226,-2.608063039
SOL,2/26/23,22.42,23.5257,22.2163,23.0105,3.545489727
SOL,2/27/23,23.0131,23.4038,22.365,22.781,-0.997370766
SOL,2/28/23,22.7811,22.7814,21.76,22.1383,-2.821210658
SOL,3/1/23,22.1583,22.8918,21.6619,22.428,1.308591897
SOL,3/2/23,22.4282,22.6535,21.6727,22.0629,-1.627875869
SOL,3/3/23,22.0621,22.0787,20.3395,21.4015,-2.997792675
SOL,3/4/23,21.3994,21.6213,20.2246,20.7313,-3.131556199
SOL,3/5/23,20.7347,21.6841,20.7003,21.0524,1.548865725
SOL,3/6/23,21.0424,21.1628,20.4714,20.6937,-1.703843742
SOL,3/7/23,20.7068,20.8755,19.7095,19.9653,-3.519911857
SOL,3/8/23,20.2682,20.3906,18.1164,18.3688,-7.996373708
SOL,3/9/23,18.3913,18.7731,16.7171,17.1817,-6.462588737
SOL,3/10/23,17.1836,18.3287,16.0326,18.1742,5.776494759
SOL,3/11/23,18.1943,19.1071,17.077,18.0971,-0.424227751
SOL,3/12/23,18.0977,20.588,17.8479,20.3572,12.48874129
SOL,3/13/23,20.2968,21.5121,18.9068,20.6137,1.259996463
SOL,3/14/23,20.614,22.1757,19.8822,20.979,1.772122423
SOL,3/15/23,20.9772,21.5492,18.7748,19.351,-7.760141093
SOL,3/16/23,19.3568,19.947,18.9515,19.6684,1.640225311
SOL,3/17/23,19.6613,21.5033,19.531,21.2784,8.185719225
SOL,3/18/23,21.2633,22.9693,21.2423,21.5824,1.428678848
SOL,3/19/23,21.5674,22.4871,21.2517,22.0916,2.359329824
SOL,3/20/23,22.0766,23.9685,21.4637,22.6522,2.537616107
SOL,3/21/23,22.2446,23.3696,21.6104,22.5116,-0.620690264
SOL,3/22/23,22.5306,23.1225,21.0449,21.4988,-4.499013842
SOL,3/23/23,21.5028,22.7787,21.1594,22.0549,2.586655999
SOL,3/24/23,22.0617,22.3109,20.292,20.6115,-6.544577395
SOL,3/25/23,20.6002,20.9894,20.1228,20.3537,-1.250758072
SOL,3/26/23,20.3616,21.151,20.3046,20.8406,2.392194048
SOL,3/27/23,20.8527,21.1075,19.5675,19.8373,-4.814160821
SOL,3/28/23,19.8343,20.7425,19.6242,20.302,2.342556699
SOL,3/29/23,20.298,21.5484,20.2503,21.1801,4.325189636
SOL,3/30/23,21.1875,21.6716,20.1599,20.5612,-2.922082521
SOL,3/31/23,20.5627,21.041,20.0538,21.0201,2.231873626
SOL,4/1/23,21.0143,21.4872,20.7554,21.0627,0.202663165
SOL,4/2/23,21.0579,21.3093,20.3231,20.4069,-3.113560939
SOL,4/3/23,20.4069,20.9895,19.989,20.3778,-0.142598827
SOL,4/4/23,20.3792,21.2509,20.2998,20.9446,2.781458254
SOL,4/5/23,20.9444,21.3398,20.5828,20.8914,-0.254003419
SOL,4/6/23,20.8914,21.0431,20.4689,20.6073,-1.359889715
SOL,4/7/23,20.6113,20.7885,20.243,20.4051,-0.981205689
SOL,4/8/23,20.405,20.7356,20.0909,20.1562,-1.219793091
SOL,4/9/23,20.154,20.4261,19.8777,20.3787,1.103878707
SOL,4/10/23,20.3878,20.7448,20.09,20.7061,1.606579419
SOL,4/11/23,20.7069,23.6931,20.6971,23.2577,12.32293865
SOL,4/12/23,23.2739,24.4846,22.3455,24.0288,3.315461116
SOL,4/13/23,24.0268,25.3019,23.6414,24.5506,2.171560794
SOL,4/14/23,24.5334,25.5001,23.7684,24.5102,-0.164558096
SOL,4/15/23,24.5354,25.0013,23.8307,23.9384,-2.3329063
SOL,4/16/23,23.9561,25.4788,23.9233,25.2962,5.672058283
SOL,4/17/23,25.3172,26.0077,24.3601,24.7316,-2.231955788
SOL,4/18/23,24.7255,25.4428,24.0204,24.8101,0.317407689
SOL,4/19/23,24.8039,24.9903,21.9738,23.0096,-7.257125122
SOL,4/20/23,23.0526,23.1534,21.5919,22.1097,-3.910976288
SOL,4/21/23,22.1047,22.4065,20.9995,21.2238,-4.006838627
SOL,4/22/23,21.2578,21.936,21.0513,21.8102,2.762935949
SOL,4/23/23,21.822,22.2507,20.9646,21.3952,-1.902779433
SOL,4/24/23,21.3832,22.0099,21.0139,21.3785,-0.078054891
SOL,4/25/23,21.3467,21.7733,20.75,21.7011,1.50899268
SOL,4/26/23,21.7412,22.965,20.3838,21.5114,-0.874149237
SOL,4/27/23,21.5091,22.5023,21.0869,22.3373,3.839359595
SOL,4/28/23,22.3255,23.4593,22.1476,23.2752,4.198806481
SOL,4/29/23,23.255,23.8771,22.9806,23.0905,-0.793548498
SOL,4/30/23,23.0945,23.9782,22.9471,23.064,-0.114765813
SOL,5/1/23,23.0949,23.1707,21.5556,21.8598,-5.221123829
SOL,5/2/23,21.8496,22.3871,21.7522,22.2335,1.709530737
SOL,5/3/23,22.2271,22.3549,21.2468,22.0982,-0.608541165
SOL,5/4/23,22.068,22.4771,21.6256,21.7147,-1.735435465
SOL,5/5/23,21.7589,23.077,21.6191,22.8168,5.075363694
SOL,5/6/23,22.8168,23.2439,21.6162,22.044,-3.386978016
SOL,5/7/23,22.0425,22.7954,21.8263,22.3554,1.412629287
SOL,5/8/23,22.3643,22.4142,20.017,20.6336,-7.70194226
SOL,5/9/23,20.6334,21.0152,20.4402,20.6005,-0.160417959
SOL,5/10/23,20.6002,21.3255,19.979,20.9189,1.545593554
SOL,5/11/23,20.9198,21.1249,19.7465,20.2103,-3.387367405
SOL,5/12/23,20.1911,20.8229,19.8379,20.7804,2.820838879
SOL,5/13/23,20.7717,21.2999,20.6822,20.9486,0.809416566
SOL,5/14/23,20.9285,21.2757,20.6394,20.971,0.106928387
SOL,5/15/23,20.9624,21.5302,20.6202,21.1597,0.899814029
SOL,5/16/23,21.1642,21.1685,20.4541,20.7204,-2.076116391
SOL,5/17/23,20.7244,21.1475,20.4463,21.0713,1.693500125
SOL,5/18/23,21.0711,21.2,20.0881,20.4736,-2.836559681
SOL,5/19/23,20.4743,20.5856,20.2442,20.36,-0.554860894
SOL,5/20/23,20.3641,20.3861,20.1177,20.2483,-0.548624754
SOL,5/21/23,20.2483,20.4072,19.4249,19.6517,-2.946420193
SOL,5/22/23,19.6517,20.0303,19.3014,19.7108,0.300737341
SOL,5/23/23,19.7087,20.1796,19.4288,20.1011,1.980132719
SOL,5/24/23,20.1013,20.1113,18.7482,19.1999,-4.483336733
SOL,5/25/23,19.2221,19.5572,18.7773,19.2295,0.15416747
SOL,5/26/23,19.2356,19.5616,19.0948,19.44,1.094672248
SOL,5/27/23,19.4419,19.8308,19.3357,19.824,1.975308642
SOL,5/28/23,19.9021,20.977,19.9021,20.8708,5.280468119
SOL,5/29/23,20.8679,21.1726,20.2723,20.6022,-1.286965521
SOL,5/30/23,20.6011,21.4035,20.4441,21.2184,2.990942715
SOL,5/31/23,21.2184,21.3335,20.3879,20.6682,-2.593032462
SOL,6/1/23,20.6644,20.9815,20.4317,20.5508,-0.568022373
SOL,6/2/23,20.5487,21.3751,20.3149,21.3556,3.91614925
SOL,6/3/23,21.3602,21.3702,20.9654,21.0395,-1.480173819
SOL,6/4/23,21.0395,22.3002,21.0323,22.0591,4.846122769
SOL,6/5/23,22.0769,22.2041,19.271,19.9261,-9.669478809
SOL,6/6/23,19.9311,20.6973,19.2541,20.3708,2.231746303
SOL,6/7/23,20.4034,20.5252,18.5661,18.5661,-8.859249514
SOL,6/8/23,18.6019,19.108,18.2512,18.8985,1.790359849
SOL,6/9/23,18.9023,19.3546,17.2751,17.5913,-6.916951081
SOL,6/10/23,17.5795,17.6471,12.7783,15.5439,-11.63870777
SOL,6/11/23,15.5422,16.1477,15.1299,15.7614,1.399262733
SOL,6/12/23,15.7584,15.7965,14.7495,15.3027,-2.910274468
SOL,6/13/23,15.2724,15.9797,14.7698,15.0173,-1.865030354
SOL,6/14/23,15.0156,15.3589,14.1195,14.4877,-3.526599322
SOL,6/15/23,14.4927,15.0352,14.1612,14.8824,2.724379991
SOL,6/16/23,14.8815,15.444,14.4021,15.317,2.92022792
SOL,6/17/23,15.3023,16.097,15.1581,15.6693,2.300058758
SOL,6/18/23,15.6759,15.8261,15.4233,15.4539,-1.374662557
SOL,6/19/23,15.4642,15.9687,15.3067,15.842,2.51134018
SOL,6/20/23,15.8375,16.5354,15.7284,16.4225,3.664310062
SOL,6/21/23,16.4133,17.2611,16.3773,16.9674,3.318008829
SOL,6/22/23,16.9806,17.7427,16.6713,16.7546,-1.254169761
SOL,6/23/23,16.7614,17.5349,16.1934,17.086,1.977964261
SOL,6/24/23,17.1031,17.5375,16.3997,16.5735,-2.99953178
SOL,6/25/23,16.5743,17.3902,16.4991,16.9253,2.122665701
SOL,6/26/23,16.9295,17.1176,16.0606,16.0925,-4.920444542
SOL,6/27/23,16.0943,16.9352,15.9457,16.8961,4.993630573
SOL,6/28/23,16.9093,16.925,15.6146,16.0052,-5.272814436
SOL,6/29/23,16.0042,18.2694,15.8647,17.6968,10.56906505
SOL,6/30/23,17.7107,19.9936,17.1544,19.1387,8.147800732
SOL,7/1/23,19.1376,19.3525,17.9127,18.3792,-3.968399108
SOL,7/2/23,18.3839,19.5848,18.3369,19.4851,6.017128058
SOL,7/3/23,19.4849,19.7373,18.8734,19.095,-2.002042586
SOL,7/4/23,19.1032,19.929,19.0042,19.4312,1.760670333
SOL,7/5/23,19.427,19.5262,18.451,18.7679,-3.41358228
SOL,7/6/23,18.7553,20.9753,18.7498,20.435,8.882719963
SOL,7/7/23,20.4823,21.5719,19.2763,21.372,4.585270369
SOL,7/8/23,21.3701,22.4613,21.3076,21.8209,2.100411754
SOL,7/9/23,21.8101,22.3428,21.045,21.1087,-3.26384338
SOL,7/10/23,21.1115,21.7944,20.4999,21.3692,1.234088314
SOL,7/11/23,21.4002,22.3359,21.1019,21.8486,2.243415757
SOL,7/12/23,21.9,22.733,21.7662,22.0672,1.000521773
SOL,7/13/23,22.063,26.7163,21.4399,25.692,16.4261891
SOL,7/14/23,25.7034,31.254,25.2674,26.4931,3.118091235
SOL,7/15/23,26.5531,29.0921,26.2717,27.4659,3.671899476
SOL,7/16/23,27.4581,28.6197,26.5777,27.5776,0.406686109
SOL,7/17/23,27.5779,28.4886,25.6945,26.8024,-2.810977025
SOL,7/18/23,26.8356,27.093,24.7739,25.2367,-5.841641047
SOL,7/19/23,25.2384,26.9839,25.2292,26.6716,5.685767157
SOL,7/20/23,26.6798,27.358,25.0703,25.6256,-3.921774472
SOL,7/21/23,25.6228,25.9971,25.0794,25.6636,0.148289211
SOL,7/22/23,25.6844,25.9651,25.1634,25.3138,-1.363019997
SOL,7/23/23,25.3207,25.3334,24.1644,24.5737,-2.923701696
SOL,7/24/23,24.5726,24.829,22.9064,23.4872,-4.421393604
SOL,7/25/23,23.4873,23.6058,22.7775,23.3033,-0.782979666
SOL,7/26/23,23.3067,25.6678,23.1316,25.2309,8.271789832
SOL,7/27/23,25.3321,25.6494,24.678,25.0243,-0.818837219
SOL,7/28/23,25.0149,25.5367,24.5427,25.0345,0.040760381
SOL,7/29/23,25.043,25.3793,24.7453,25.2218,0.748167529
SOL,7/30/23,25.2267,25.2929,23.58,24.2859,-3.710678857
SOL,7/31/23,24.2859,24.7722,23.5655,23.753,-2.194277338
SOL,8/1/23,23.753,23.9847,22.8731,23.5679,-0.779269987
SOL,8/2/23,23.5675,24.2684,22.8871,23.1579,-1.73965436
SOL,8/3/23,23.1592,23.3735,22.4762,22.7802,-1.630976902
SOL,8/4/23,22.7682,23.5345,22.4683,22.9012,0.531163028
SOL,8/5/23,22.8991,22.9201,22.2455,22.597,-1.328314673
SOL,8/6/23,22.6279,23.5303,22.5587,23.0854,2.161348852
SOL,8/7/23,23.0849,23.5532,22.3478,22.9914,-0.407183761
SOL,8/8/23,22.9927,24.7707,22.9418,24.2743,5.579912489
SOL,8/9/23,24.2743,24.9697,24.0499,24.3047,0.125235331
SOL,8/10/23,24.3019,24.8467,24.1175,24.663,1.474200463
SOL,8/11/23,24.6619,24.8913,24.3251,24.493,-0.689291651
SOL,8/12/23,24.493,24.8397,24.3794,24.7222,0.935777569
SOL,8/13/23,24.7291,25.1316,24.3744,24.4407,-1.138652709
SOL,8/14/23,24.4398,25.2606,24.0424,24.9512,2.088729046
SOL,8/15/23,24.9356,25.297,23.7532,24.0294,-3.694411491
SOL,8/16/23,24.0294,24.0374,22.3624,22.7406,-5.363429798
SOL,8/17/23,22.7448,23.4033,19.899,21.2339,-6.625594751
SOL,8/18/23,21.2198,22.1844,20.9432,21.3924,0.746447897
SOL,8/19/23,21.3922,22.1244,21.2484,21.8422,2.102615882
SOL,8/20/23,21.837,22.0171,21.5773,21.8199,-0.102095943
SOL,8/21/23,21.8196,21.8591,20.3474,21.3377,-2.209909303
SOL,8/22/23,21.3114,21.3489,19.3764,19.9233,-6.6286432
SOL,8/23/23,19.9497,21.8029,19.8921,21.344,7.130846797
SOL,8/24/23,21.35,21.9992,20.679,20.8664,-2.237631184
SOL,8/25/23,20.8692,21.0797,20.0833,20.3166,-2.634857953
SOL,8/26/23,20.3085,20.4214,20.1756,20.3386,0.108285835
SOL,8/27/23,20.3386,20.8986,20.2303,20.6855,1.705623789
SOL,8/28/23,20.6827,20.8112,20.0342,20.3995,-1.382611008
SOL,8/29/23,20.3862,21.9927,20.107,21.8538,7.129096301
SOL,8/30/23,21.8533,21.9769,20.607,20.7833,-4.898461595
SOL,8/31/23,20.7801,21.0373,19.4474,19.6835,-5.291748664
SOL,9/1/23,19.6804,19.9221,19.0344,19.2413,-2.24655168
SOL,9/2/23,19.237,19.6842,19.1353,19.478,1.230166361
SOL,9/3/23,19.4878,19.6572,19.2397,19.4666,-0.05852757
SOL,9/4/23,19.4673,20.017,19.1569,19.2375,-1.176887592
SOL,9/5/23,19.2447,20.5772,19.0452,20.2642,5.33697206
SOL,9/6/23,20.27,20.3649,19.1509,19.6269,-3.144955143
SOL,9/7/23,19.6249,19.9786,19.3181,19.7939,0.850873036
SOL,9/8/23,19.7916,20.2659,19.3822,19.5169,-1.399421034
SOL,9/9/23,19.5167,19.6356,19.3738,19.4443,-0.371985305
SOL,9/10/23,19.4433,19.5279,17.826,18.4471,-5.12849524
SOL,9/11/23,18.4441,18.575,17.4126,17.5055,-5.104325341
SOL,9/12/23,17.5043,18.7023,17.4667,17.9995,2.821970238
SOL,9/13/23,17.9997,18.5365,17.7022,18.3578,1.99061085
SOL,9/14/23,18.3675,19.3138,18.3276,18.8654,2.765037205
SOL,9/15/23,18.8631,19.2799,18.5627,18.7643,-0.535901704
SOL,9/16/23,18.7681,19.4595,18.7461,19.0488,1.516176996
SOL,9/17/23,19.0493,19.1434,18.6463,18.8005,-1.303494183
SOL,9/18/23,18.8006,20.1348,18.5991,19.734,4.965293476
SOL,9/19/23,19.7322,20.3773,19.5772,20.0257,1.478159522
SOL,9/20/23,20.0252,20.5132,19.8071,20.4539,2.138252346
SOL,9/21/23,20.4431,20.4492,19.2893,19.5247,-4.542898909
SOL,9/22/23,19.5273,19.7789,19.1562,19.3607,-0.83996169
SOL,9/23/23,19.3647,19.5733,19.2908,19.4564,0.494300309
SOL,9/24/23,19.4565,19.6728,19.3594,19.4557,-0.003597788
SOL,9/25/23,19.4527,19.731,19.1029,19.4239,-0.163448244
SOL,9/26/23,19.4237,19.5184,18.83,19.008,-2.141176592
SOL,9/27/23,19.0067,19.4581,18.727,18.9476,-0.317760943
SOL,9/28/23,18.9499,19.7693,18.9302,19.7055,3.999978889
SOL,9/29/23,19.7185,20.4256,19.6799,20.2689,2.859100251
SOL,9/30/23,20.2708,21.7808,20.0815,21.311,5.141374224
SOL,10/1/23,21.3092,23.9351,21.1347,22.9825,7.843367275
SOL,10/2/23,22.984,24.6632,22.9485,23.1673,0.804090069
SOL,10/3/23,23.1416,24.7611,22.9262,23.5698,1.737362576
SOL,10/4/23,23.5528,23.8219,22.6157,23.0933,-2.021654829
SOL,10/5/23,23.1008,23.7518,22.5849,22.7552,-1.464061005
SOL,10/6/23,22.7542,23.76,22.6221,23.5658,3.562262692
SOL,10/7/23,23.5736,24.1866,23.0946,23.3072,-1.097352944
SOL,10/8/23,23.3064,23.639,23.0861,23.4232,0.497700281
SOL,10/9/23,23.391,23.391,21.6731,22.1448,-5.457836675
SOL,10/10/23,22.1463,22.4726,21.6982,22.0623,-0.372547957
SOL,10/11/23,22.0622,22.4102,21.6261,21.7606,-1.36749115
SOL,10/12/23,21.754,22.0357,20.9538,21.1763,-2.685128167
SOL,10/13/23,21.1753,22.1742,21.1079,21.997,3.875558998
SOL,10/14/23,21.9963,22.2657,21.7001,21.9559,-0.18684366
SOL,10/15/23,21.9586,22.1699,21.6684,21.943,-0.058754139
SOL,10/16/23,21.9432,24.8181,21.8419,23.919,9.005149706
SOL,10/17/23,23.9135,24.5646,23.5187,24.102,0.765082152
SOL,10/18/23,24.119,24.392,23.4553,23.522,-2.4064393
SOL,10/19/23,23.5224,25.5894,23.1826,24.899,5.85409404
SOL,10/20/23,24.9011,27.4306,24.743,26.8774,7.945700631
SOL,10/21/23,26.8712,30.3049,26.673,30.1077,12.01864764
SOL,10/22/23,30.1203,30.1848,28.1207,28.8437,-4.198261574
SOL,10/23/23,28.8468,31.3582,28.7553,30.0137,4.05634506
SOL,10/24/23,30.0135,32.8365,29.5433,30.4562,1.474326724
SOL,10/25/23,30.5043,33.8621,29.8957,32.2193,5.788969077
SOL,10/26/23,32.2477,33.2755,30.7397,32.2609,0.129115158
SOL,10/27/23,32.27,33.3114,31.3108,31.9669,-0.911319895
SOL,10/28/23,31.9575,32.5122,31.4861,31.9782,0.035349064
SOL,10/29/23,31.9855,33.1666,31.3865,32.9655,3.087415802
SOL,10/30/23,32.9687,35.3026,32.3593,34.9477,6.012952936
SOL,10/31/23,34.9518,38.0115,34.8071,37.942,8.567945816
SOL,11/1/23,37.9475,46.65,37.6556,42.3477,11.61167044
SOL,11/2/23,42.3582,44.5795,38.7357,40.0506,-5.4243796
SOL,11/3/23,40.0347,40.4342,38.0695,39.6527,-0.993493231
SOL,11/4/23,39.6846,42.6636,39.0455,42.4125,6.959929589
SOL,11/5/23,42.4183,42.8665,40.2505,40.9544,-3.437901562
SOL,11/6/23,40.9725,41.8559,39.7152,41.2916,0.823354756
SOL,11/7/23,41.2283,44.5126,40.1572,43.1227,4.434558118
SOL,11/8/23,43.1299,43.88,42.2779,43.2986,0.407905813
SOL,11/9/23,43.3036,48.8863,41.4238,45.3587,4.757890555
SOL,11/10/23,45.4114,57.0272,44.9875,56.7445,25.10168942
SOL,11/11/23,56.6688,63.7242,53.648,58.1745,2.520068024
SOL,11/12/23,58.1744,61.866,54.5603,56.97,-2.070494804
SOL,11/13/23,57.0538,59.7668,51.682,52.1342,-8.48832719
SOL,11/14/23,52.0945,57.8967,51.2721,57.0973,9.519854529
SOL,11/15/23,57.1279,67.0863,56.1583,65.1927,14.17825361
SOL,11/16/23,65.1331,68.1312,58.0464,58.0464,-10.96181014
SOL,11/17/23,58.0463,60.564,54.1467,58.6598,1.056740814
SOL,11/18/23,58.7035,59.3898,54.7513,58.4585,-0.343165166
SOL,11/19/23,58.4285,61.5396,56.6717,60.7578,3.933217582
SOL,11/20/23,60.7261,62.067,56.1372,56.5089,-6.993176185
SOL,11/21/23,56.5165,57.4168,51.3666,51.9198,-8.121021644
SOL,11/22/23,51.8199,58.9066,51.5495,58.0986,11.90066218
SOL,11/23/23,58.0673,59.5413,56.1624,56.8279,-2.187143924
SOL,11/24/23,56.8184,58.7711,56.2097,56.9026,0.131449517
SOL,11/25/23,56.9044,59.8128,55.8741,58.7045,3.166639134
SOL,11/26/23,58.7247,59.0638,56.2194,57.8569,-1.443841614
SOL,11/27/23,57.853,58.0725,53.506,54.7593,-5.353899016
SOL,11/28/23,54.7573,58.6774,53.9548,57.7834,5.522532246
SOL,11/29/23,57.7636,61.7803,57.7397,59.2577,2.551424804
SOL,11/30/23,59.2477,61.6806,58.8198,59.3294,0.120996934
SOL,12/1/23,59.33,61.8805,58.6203,60.1769,1.428465483
SOL,12/2/23,60.214,63.4949,59.6302,62.849,4.440408197
SOL,12/3/23,62.919,65.4996,62.293,63.753,1.438368152
SOL,12/4/23,63.7108,65.2464,60.1157,61.0037,-4.312424513
SOL,12/5/23,60.9925,62.5798,59.1253,60.4072,-0.977809543
SOL,12/6/23,60.4073,66.6221,60.3515,62.8068,3.972374154
SOL,12/7/23,62.817,69.3574,61.5274,67.9939,8.258819109
SOL,12/8/23,67.9437,74.1703,66.8767,73.6344,8.295597105
SOL,12/9/23,73.6956,77.7394,72.7846,73.9891,0.481704203
SOL,12/10/23,73.9892,74.6232,70.6927,74.0099,0.028112249
SOL,12/11/23,74.0056,74.9724,64.0799,69.5379,-6.042434863
SOL,12/12/23,69.5572,72.3811,65.7753,67.8701,-2.398404323
SOL,12/13/23,67.8493,72.5623,63.8838,71.3665,5.151605788
SOL,12/14/23,71.3663,76.163,68.6349,75.7796,6.183713647
SOL,12/15/23,75.713,79.4726,73.8218,74.6868,-1.442076759
SOL,12/16/23,74.6466,77.1527,71.2456,74.0107,-0.905246978
SOL,12/17/23,74.0183,74.8826,71.3993,72.0258,-2.681909508
SOL,12/18/23,72.105,75.4182,67.0247,74.4578,3.376567841
SOL,12/19/23,74.4995,76.3255,71.7911,72.821,-2.198292187
SOL,12/20/23,72.9022,84.061,72.2828,81.7332,12.23850263
SOL,12/21/23,81.628,95.152,81.0955,94.6069,15.75088214
SOL,12/22/23,94.6288,99.392,90.4016,97.0367,2.568311614
SOL,12/23/23,97.0375,109.884,92.9102,108.944,12.2709243
SOL,12/24/23,108.803,117.987,107.363,112.374,3.148406521
SOL,12/25/23,112.149,126.318,108.1,120.016,6.800505455
SOL,12/26/23,120.002,121.79,104.615,111.721,-6.911578456
SOL,12/27/23,111.647,115.334,104.95,107.247,-4.004618648
SOL,12/28/23,107.277,109.636,97.2359,103.842,-3.174913984
SOL,12/29/23,103.865,109.898,99.6189,104.961,1.07759866
SOL,12/30/23,104.981,107.463,101.503,101.877,-2.938234201
SOL,12/31/23,101.867,105.167,99.5861,100.444,-1.406598153
SOL,1/1/24,100.485,109.466,99.8111,108.08,7.602246028
SOL,1/2/24,108.071,117.002,106.694,108.009,-0.06569208
SOL,1/3/24,108.031,109.92,83.4362,98.8042,-8.522252775
SOL,1/4/24,99.0187,108.151,96.8691,104.797,6.065329207
SOL,1/5/24,104.825,105.476,95.4254,99.3183,-5.22791683
SOL,1/6/24,99.2983,100.513,91.8563,93.4361,-5.922574188
SOL,1/7/24,93.5001,96.7606,88.471,89.2771,-4.451170372
SOL,1/8/24,89.2971,99.9785,85.276,97.8913,9.64883492
SOL,1/9/24,98.0609,104.681,95.4834,99.601,1.746529058
SOL,1/10/24,99.5508,104.36,92.2719,103.32,3.733898254
SOL,1/11/24,103.296,107.204,97.7045,100.302,-2.921022067
SOL,1/12/24,100.295,100.899,86.6642,90.2005,-10.07108532
SOL,1/13/24,90.234,96.9804,89.5094,96.1758,6.624464388
SOL,1/14/24,96.217,102.755,94.3302,96.6309,0.47319596
SOL,1/15/24,96.5837,96.8848,93.0387,94.1134,-2.605274296
SOL,1/16/24,94.1233,98.6812,93.8318,98.1442,4.282918267
SOL,1/17/24,98.1342,102.654,96.7468,101.199,3.112562943
SOL,1/18/24,101.239,103.413,91.4503,94.5743,-6.546210931
SOL,1/19/24,94.5645,95.3355,86.9847,93.6271,-1.001540588
SOL,1/20/24,93.6071,94.1554,90.1849,93.152,-0.507438551
SOL,1/21/24,93.1726,93.8496,91.1824,91.5033,-1.769902954
SOL,1/22/24,91.4748,91.832,83.447,84.0651,-8.128887155
SOL,1/23/24,83.9837,85.8712,78.9121,82.5703,-1.778145747
SOL,1/24/24,82.6087,88.4429,82.5464,87.2738,5.696358134
SOL,1/25/24,87.3245,89.5851,85.0922,87.2329,-0.046864007
SOL,1/26/24,87.2927,93.6656,85.966,92.2507,5.752187535
SOL,1/27/24,92.2205,93.697,90.7028,93.6392,1.50513763
SOL,1/28/24,93.6792,98.5593,93.449,95.0727,1.530875958
SOL,1/29/24,95.0749,101.707,94.5278,100.92,6.150345998
SOL,1/30/24,100.901,106.4,100.69,103.499,2.555489497
SOL,1/31/24,103.509,103.939,95.8868,97.7971,-5.509135354
SOL,2/1/24,97.7851,98.0166,93.0742,97.1217,-0.690613525
SOL,2/2/24,97.1717,102.483,96.962,100.197,3.166439632
SOL,2/3/24,100.237,101.163,96.5941,97.806,-2.386298991
SOL,2/4/24,97.7966,98.5236,95.0467,95.7089,-2.144142486
SOL,2/5/24,95.3459,98.5912,94.138,94.6759,-1.079314463
SOL,2/6/24,94.6901,97.8378,93.1004,97.4289,2.907814977
SOL,2/7/24,97.4289,100.97,94.6352,100.84,3.501117225
SOL,2/8/24,100.84,104.901,100.514,102.802,1.945656486
SOL,2/9/24,102.809,109.049,102.611,107.943,5.000875469
SOL,2/10/24,107.946,110.91,106.786,109.338,1.29234874
SOL,2/11/24,109.412,110.695,107.309,107.406,-1.76699775
SOL,2/12/24,107.581,111.762,103.502,111.539,3.84801594
SOL,2/13/24,111.524,114.988,109.083,112.194,0.587238544
SOL,2/14/24,112.089,118.679,110.749,117.169,4.434283473
SOL,2/15/24,117.179,118.48,111.64,112.06,-4.360368357
SOL,2/16/24,112.138,114.326,108.106,109.794,-2.022131001
SOL,2/17/24,109.804,111.139,106.776,107.074,-2.477366705
SOL,2/18/24,111.831,114.064,111.402,112.802,5.349571325
SOL,2/19/24,112.842,114.798,110.766,112.147,-0.580663463
SOL,2/20/24,112.076,112.296,103.52,108.921,-2.876581629
SOL,2/21/24,108.962,109.697,100.244,104.55,-4.013000248
SOL,2/22/24,104.577,107.068,102.061,103.047,-1.43758967
SOL,2/23/24,103.077,103.111,98.8779,99.8725,-3.080633109
SOL,2/24/24,99.9161,104.709,98.5421,104.18,4.312999074
SOL,2/25/24,104.189,104.416,102.071,103.476,-0.675753504
SOL,2/26/24,103.512,110.863,100.293,109.821,6.131856662
SOL,2/27/24,109.801,112.348,105.404,108.582,-1.128199525
SOL,2/28/24,108.553,117.843,107.374,115.711,6.565544934